id,total_points,bonus,bps,transfers_in,transfers_out,dreamteam_count,expected_goals,expected_assists,expected_goal_involvements,expected_goals_conceded,influence,creativity,threat,ict_index
1,0.0,0.0,0.0,0.0,2.0,0.0,0.0,0.0,0.0,0.0,0.0,0.0,0.0,0.0
55,0.0,0.0,0.0,0.0,3.0,0.0,0.0,0.0,0.0,0.0,0.0,0.0,0.0,0.0
649,0.0,0.0,0.0,0.0,34.0,0.0,0.0,0.0,0.0,0.0,0.0,0.0,0.0,0.0
661,0.0,0.0,0.0,0.0,11.0,0.0,0.0,0.0,0.0,0.0,0.0,0.0,0.0,0.0
674,1.0,0.0,5.0,24.0,28.0,0.0,0.0,0.0,0.0,0.21999999999999997,2.400000000000002,0.3000000000000007,0.0,0.3000000000000007
705,0.0,0.0,0.0,79.0,75.0,0.0,0.0,0.0,0.0,0.0,0.0,0.0,0.0,0.0
685,0.0,0.0,0.0,79.0,74.0,0.0,0.0,0.0,0.0,0.0,0.0,0.0,0.0,0.0
695,0.0,0.0,0.0,8.0,14.0,0.0,0.0,0.0,0.0,0.0,0.0,0.0,0.0,0.0
696,0.0,0.0,0.0,43.0,102.0,0.0,0.0,0.0,0.0,0.0,0.0,0.0,0.0,0.0
697,0.0,0.0,0.0,137.0,292.0,0.0,0.0,0.0,0.0,0.0,0.0,0.0,0.0,0.0
740,9.0,0.0,0.0,81.0,155.0,0.0,0.0,0.0,0.0,0.0,0.0,0.0,0.0,0.0
771,0.0,0.0,0.0,9.0,15.0,0.0,0.0,0.0,0.0,0.0,0.0,0.0,0.0,0.0
774,0.0,0.0,0.0,19.0,15.0,0.0,0.0,0.0,0.0,0.0,0.0,0.0,0.0,0.0
781,0.0,0.0,0.0,259.0,257.0,0.0,0.0,0.0,0.0,0.0,0.0,0.0,0.0,0.0
782,0.0,0.0,0.0,24.0,17.0,0.0,0.0,0.0,0.0,0.0,0.0,0.0,0.0,0.0
787,0.0,0.0,0.0,16.0,8.0,0.0,0.0,0.0,0.0,0.0,0.0,0.0,0.0,0.0
11,1.0,0.0,-1.0,4089.0,12638.0,0.0,0.1599999999999997,0.0,0.16000000000000014,0.009999999999999787,2.200000000000003,1.8000000000000114,25.0,2.8999999999999986
190,0.0,0.0,0.0,0.0,30.0,0.0,0.0,0.0,0.0,0.0,0.0,0.0,0.0,0.0
193,0.0,0.0,0.0,9.0,26.0,0.0,0.0,0.0,0.0,0.0,0.0,0.0,0.0,0.0
194,0.0,0.0,0.0,92.0,3658.0,0.0,0.0,0.0,0.0,0.0,0.0,0.0,0.0,0.0
195,0.0,0.0,0.0,21.0,19.0,0.0,0.0,0.0,0.0,0.0,0.0,0.0,0.0,0.0
202,0.0,0.0,0.0,0.0,37.0,0.0,0.0,0.0,0.0,0.0,0.0,0.0,0.0,0.0
215,0.0,0.0,0.0,54.0,31.0,0.0,0.0,0.0,0.0,0.0,0.0,0.0,0.0,0.0
646,0.0,0.0,0.0,0.0,33.0,0.0,0.0,0.0,0.0,0.0,0.0,0.0,0.0,0.0
647,0.0,0.0,0.0,22.0,28.0,0.0,0.0,0.0,0.0,0.0,0.0,0.0,0.0,0.0
650,2.0,0.0,12.0,14415.0,5220.0,0.0,0.0,0.039999999999999925,0.040000000000000036,0.6699999999999982,36.0,0.6000000000000014,2.0,3.8999999999999915
666,0.0,0.0,0.0,53.0,46.0,0.0,0.0,0.0,0.0,0.0,0.0,0.0,0.0,0.0
676,0.0,0.0,0.0,364.0,943.0,0.0,0.0,0.0,0.0,0.0,0.0,0.0,0.0,0.0
730,0.0,0.0,0.0,188.0,519.0,0.0,0.0,0.0,0.0,0.0,0.0,0.0,0.0,0.0
741,4.0,0.0,0.0,2173.0,4480.0,0.0,0.0,0.0,0.0,0.0,0.0,0.0,0.0,0.0
156,1.0,0.0,2.0,181.0,69.0,0.0,0.0,0.0,0.0,0.20999999999999996,0.0,0.3000000000000007,2.0,0.20000000000000018
219,2.0,0.0,6.0,2002.0,7228.0,0.0,0.0,0.020000000000000018,0.020000000000000018,1.4699999999999989,23.799999999999955,0.3999999999999986,2.0,2.6000000000000014
220,0.0,0.0,0.0,67.0,859.0,0.0,0.0,0.0,0.0,0.0,0.0,0.0,0.0,0.0
221,0.0,0.0,0.0,80.0,35.0,0.0,0.0,0.0,0.0,0.0,0.0,0.0,0.0,0.0
222,2.0,0.0,16.0,461.0,4182.0,0.0,0.0,0.010000000000000009,0.010000000000000231,1.4699999999999989,12.199999999999989,1.6000000000000227,0.0,1.4000000000000057
223,2.0,0.0,9.0,31.0,80.0,0.0,0.0,0.010000000000000009,0.010000000000000009,1.2599999999999998,5.599999999999994,10.100000000000023,0.0,1.5999999999999943
224,2.0,0.0,10.0,516.0,1633.0,0.0,0.03000000000000025,0.06000000000000005,0.09000000000000075,1.259999999999998,7.400000000000006,14.300000000000011,4.0,2.6000000000000085
614,0.0,0.0,0.0,0.0,1.0,0.0,0.0,0.0,0.0,0.0,0.0,0.0,0.0,0.0
252,2.0,0.0,10.0,11620.0,69216.0,0.0,0.1399999999999988,0.020000000000000018,0.16000000000000014,2.3099999999999987,5.800000000000011,3.5,22.0,3.0999999999999943
253,0.0,0.0,0.0,0.0,0.0,0.0,0.0,0.0,0.0,0.0,0.0,0.0,0.0,0.0
254,0.0,0.0,0.0,8.0,20.0,0.0,0.0,0.0,0.0,0.0,0.0,0.0,0.0,0.0
255,1.0,0.0,13.0,14061.0,182925.0,0.0,0.0,0.16000000000000014,0.16000000000000014,2.379999999999999,23.0,29.600000000000023,2.0,5.5
256,0.0,0.0,0.0,0.0,4.0,0.0,0.0,0.0,0.0,0.0,0.0,0.0,0.0,0.0
257,0.0,0.0,0.0,7.0,80.0,0.0,0.0,0.0,0.0,0.0,0.0,0.0,0.0,0.0
690,0.0,0.0,0.0,35.0,50.0,0.0,0.0,0.0,0.0,0.0,0.0,0.0,0.0,0.0
121,5.0,0.0,19.0,1293.0,252.0,0.0,0.1100000000000001,0.30000000000000004,0.4099999999999997,1.540000000000001,16.0,22.69999999999999,14.0,5.299999999999997
260,0.0,0.0,0.0,0.0,240.0,0.0,0.0,0.0,0.0,0.0,0.0,0.0,0.0,0.0
261,0.0,0.0,0.0,0.0,6.0,0.0,0.0,0.0,0.0,0.0,0.0,0.0,0.0,0.0
300,2.0,0.0,10.0,41.0,162.0,0.0,0.0,0.0,0.0,2.240000000000002,25.80000000000001,13.5,0.0,3.8999999999999915
322,0.0,0.0,0.0,10.0,222.0,0.0,0.0,0.0,0.0,0.0,0.0,0.0,0.0,0.0
323,3.0,0.0,14.0,797.0,1513.0,0.0,0.07000000000000006,0.050000000000000266,0.1200000000000001,0.6699999999999982,17.600000000000023,12.0,13.0,4.299999999999997
324,3.0,0.0,16.0,419.0,536.0,0.0,0.040000000000000036,0.10999999999999999,0.14999999999999947,0.6699999999999999,14.800000000000011,17.400000000000006,9.0,4.1000000000000085
330,0.0,0.0,0.0,33.0,70.0,0.0,0.0,0.0,0.0,0.0,0.0,0.0,0.0,0.0
331,0.0,0.0,0.0,6.0,80.0,0.0,0.0,0.0,0.0,0.0,0.0,0.0,0.0,0.0
332,0.0,0.0,0.0,0.0,17.0,0.0,0.0,0.0,0.0,0.0,0.0,0.0,0.0,0.0
333,0.0,0.0,0.0,5061.0,5290.0,0.0,0.0,0.0,0.0,0.0,0.0,0.0,0.0,0.0
334,0.0,0.0,0.0,0.0,11.0,0.0,0.0,0.0,0.0,0.0,0.0,0.0,0.0,0.0
337,0.0,0.0,0.0,337.0,638.0,0.0,0.0,0.0,0.0,0.0,0.0,0.0,0.0,0.0
339,8.0,2.0,30.0,203286.0,35098.0,0.0,0.0,0.030000000000000027,0.03000000000000025,0.6699999999999982,28.199999999999932,2.5,0.0,3.1000000000000085
636,0.0,0.0,0.0,368.0,434.0,0.0,0.0,0.0,0.0,0.0,0.0,0.0,0.0,0.0
340,0.0,0.0,0.0,31.0,1121.0,0.0,0.0,0.0,0.0,0.0,0.0,0.0,0.0,0.0
341,0.0,0.0,0.0,25.0,456.0,0.0,0.0,0.0,0.0,0.0,0.0,0.0,0.0,0.0
342,0.0,0.0,0.0,701.0,2205.0,0.0,0.0,0.0,0.0,0.0,0.0,0.0,0.0,0.0
352,0.0,0.0,0.0,0.0,8.0,0.0,0.0,0.0,0.0,0.0,0.0,0.0,0.0,0.0
626,0.0,0.0,0.0,0.0,0.0,0.0,0.0,0.0,0.0,0.0,0.0,0.0,0.0,0.0
785,0.0,0.0,0.0,23.0,57.0,0.0,0.0,0.0,0.0,0.0,0.0,0.0,0.0,0.0
778,0.0,0.0,0.0,11.0,6.0,0.0,0.0,0.0,0.0,0.0,0.0,0.0,0.0,0.0
779,0.0,0.0,0.0,22.0,24.0,0.0,0.0,0.0,0.0,0.0,0.0,0.0,0.0,0.0
783,0.0,0.0,0.0,20.0,16.0,0.0,0.0,0.0,0.0,0.0,0.0,0.0,0.0,0.0
788,0.0,0.0,0.0,22.0,11.0,0.0,0.0,0.0,0.0,0.0,0.0,0.0,0.0,0.0
390,0.0,0.0,0.0,0.0,613.0,0.0,0.0,0.0,0.0,0.0,0.0,0.0,0.0,0.0
391,0.0,0.0,0.0,0.0,97.0,0.0,0.0,0.0,0.0,0.0,0.0,0.0,0.0,0.0
392,5.0,0.0,17.0,17641.0,3149.0,0.0,0.25,0.20999999999999996,0.45999999999999996,1.5999999999999996,22.399999999999977,41.80000000000001,33.0,9.700000000000003
393,0.0,0.0,0.0,16.0,261.0,0.0,0.0,0.0,0.0,0.0,0.0,0.0,0.0,0.0
395,2.0,0.0,14.0,265003.0,34540.0,0.0,0.0,0.010000000000000009,0.010000000000000009,1.5999999999999943,29.19999999999999,1.0999999999999943,0.0,3.0
396,0.0,0.0,0.0,779.0,15346.0,0.0,0.0,0.0,0.0,0.0,0.0,0.0,0.0,0.0
398,0.0,0.0,0.0,43424.0,44818.0,0.0,0.0,0.0,0.0,0.0,0.0,0.0,0.0,0.0
399,0.0,0.0,0.0,183.0,128936.0,0.0,0.0,0.0,0.0,0.0,0.0,0.0,0.0,0.0
400,0.0,0.0,0.0,0.0,51.0,0.0,0.0,0.0,0.0,0.0,0.0,0.0,0.0,0.0
407,0.0,0.0,0.0,14.0,20.0,0.0,0.0,0.0,0.0,0.0,0.0,0.0,0.0,0.0
430,0.0,0.0,0.0,0.0,144.0,0.0,0.0,0.0,0.0,0.0,0.0,0.0,0.0,0.0
434,0.0,0.0,0.0,4289.0,29701.0,0.0,0.0,0.0,0.0,0.0,0.0,0.0,0.0,0.0
435,0.0,0.0,0.0,0.0,3.0,0.0,0.0,0.0,0.0,0.0,0.0,0.0,0.0,0.0
436,9.0,3.0,33.0,71069.0,14763.0,1.0,0.0,0.020000000000000018,0.020000000000000018,1.6300000000000026,38.60000000000002,4.600000000000023,0.0,4.299999999999997
437,5.0,0.0,19.0,51096.0,31510.0,0.0,0.050000000000000044,0.10000000000000009,0.1499999999999999,1.629999999999999,36.19999999999999,25.799999999999983,4.0,6.599999999999994
438,0.0,0.0,0.0,0.0,7.0,0.0,0.0,0.0,0.0,0.0,0.0,0.0,0.0,0.0
439,0.0,0.0,0.0,0.0,1.0,0.0,0.0,0.0,0.0,0.0,0.0,0.0,0.0,0.0
440,0.0,0.0,0.0,0.0,19.0,0.0,0.0,0.0,0.0,0.0,0.0,0.0,0.0,0.0
441,0.0,0.0,0.0,0.0,1.0,0.0,0.0,0.0,0.0,0.0,0.0,0.0,0.0,0.0
442,1.0,0.0,4.0,7328.0,7550.0,0.0,0.0,0.020000000000000004,0.020000000000000004,0.6400000000000001,2.6000000000000085,10.400000000000002,0.0,1.299999999999999
443,8.0,1.0,31.0,79859.0,65978.0,1.0,0.0,0.0,0.0,1.6299999999999955,38.80000000000007,0.0,0.0,3.9000000000000057
444,0.0,0.0,0.0,36.0,35.0,0.0,0.0,0.0,0.0,0.0,0.0,0.0,0.0,0.0
446,0.0,0.0,0.0,0.0,543.0,0.0,0.0,0.0,0.0,0.0,0.0,0.0,0.0,0.0
447,0.0,0.0,0.0,11855.0,750304.0,0.0,0.0,0.0,0.0,0.0,0.0,0.0,0.0,0.0
448,0.0,0.0,0.0,0.0,1.0,0.0,0.0,0.0,0.0,0.0,0.0,0.0,0.0,0.0
449,6.0,0.0,22.0,374.0,196.0,0.0,0.03999999999999959,0.010000000000000009,0.050000000000000266,1.629999999999999,44.799999999999955,11.300000000000011,5.0,6.099999999999994
491,0.0,0.0,7.0,14834.0,10482.0,0.0,0.0,0.48,0.4800000000000004,0.030000000000001137,8.599999999999966,25.0,4.0,3.8000000000000114
492,0.0,0.0,0.0,128.0,21697.0,0.0,0.0,0.0,0.0,0.0,0.0,0.0,0.0,0.0
493,0.0,0.0,0.0,0.0,1.0,0.0,0.0,0.0,0.0,0.0,0.0,0.0,0.0,0.0
517,1.0,0.0,13.0,4672.0,8746.0,0.0,0.0,0.0,0.0,0.4599999999999991,18.599999999999994,0.8000000000000114,0.0,1.8999999999999986
519,0.0,0.0,0.0,0.0,11.0,0.0,0.0,0.0,0.0,0.0,0.0,0.0,0.0,0.0
521,0.0,0.0,0.0,5186.0,120168.0,0.0,0.0,0.0,0.0,0.0,0.0,0.0,0.0,0.0
522,0.0,0.0,0.0,47.0,90.0,0.0,0.0,0.0,0.0,0.0,0.0,0.0,0.0,0.0
523,0.0,0.0,0.0,873.0,1779.0,0.0,0.0,0.0,0.0,0.0,0.0,0.0,0.0,0.0
524,2.0,0.0,18.0,4011.0,3589.0,0.0,0.0,0.010000000000000009,0.009999999999999787,1.1799999999999997,21.800000000000068,1.4000000000000057,0.0,2.3000000000000114
525,0.0,0.0,0.0,984.0,10799.0,0.0,0.0,0.0,0.0,0.0,0.0,0.0,0.0,0.0
533,8.0,2.0,28.0,70164.0,66819.0,1.0,0.0,0.1399999999999999,0.13999999999999968,0.9299999999999997,15.0,36.5,4.0,5.599999999999994
534,1.0,0.0,3.0,39.0,27.0,0.0,0.0,0.0,0.0,0.0,4.0,0.0,0.0,0.4
535,3.0,0.0,10.0,11015.0,5720.0,0.0,0.030000000000000027,0.020000000000000018,0.050000000000000266,1.3399999999999999,4.0,9.199999999999989,3.0,1.6000000000000085
536,0.0,0.0,0.0,3376.0,5275.0,0.0,0.0,0.0,0.0,0.0,0.0,0.0,0.0,0.0
537,0.0,0.0,0.0,0.0,24.0,0.0,0.0,0.0,0.0,0.0,0.0,0.0,0.0,0.0
538,0.0,0.0,0.0,0.0,11.0,0.0,0.0,0.0,0.0,0.0,0.0,0.0,0.0,0.0
539,0.0,0.0,0.0,752.0,3342.0,0.0,0.0,0.0,0.0,0.0,0.0,0.0,0.0,0.0
540,0.0,0.0,0.0,0.0,118.0,0.0,0.0,0.0,0.0,0.0,0.0,0.0,0.0,0.0
553,2.0,0.0,11.0,682.0,2474.0,0.0,0.04999999999999982,0.040000000000000036,0.08999999999999986,1.3400000000000034,11.600000000000023,4.800000000000011,8.0,2.3999999999999915
554,5.0,0.0,19.0,15182.0,16499.0,0.0,0.0,0.0,0.0,1.3400000000000034,9.399999999999977,0.0,0.0,0.8999999999999986
555,0.0,0.0,0.0,19.0,43.0,0.0,0.0,0.0,0.0,0.0,0.0,0.0,0.0,0.0
657,0.0,0.0,0.0,0.0,73.0,0.0,0.0,0.0,0.0,0.0,0.0,0.0,0.0,0.0
659,0.0,0.0,0.0,15.0,33.0,0.0,0.0,0.0,0.0,0.0,0.0,0.0,0.0,0.0
662,0.0,0.0,0.0,166.0,109.0,0.0,0.0,0.0,0.0,0.0,0.0,0.0,0.0,0.0
665,0.0,0.0,0.0,205.0,491.0,0.0,0.0,0.0,0.0,0.0,0.0,0.0,0.0,0.0
735,8.0,0.0,0.0,1034.0,494.0,0.0,0.0,0.0,0.0,0.0,0.0,0.0,0.0,0.0
756,0.0,0.0,0.0,91.0,63.0,0.0,0.0,0.0,0.0,0.0,0.0,0.0,0.0,0.0
790,0.0,0.0,0.0,8.0,4.0,0.0,0.0,0.0,0.0,0.0,0.0,0.0,0.0,0.0
28,0.0,0.0,0.0,35.0,1649.0,0.0,0.0,0.0,0.0,0.0,0.0,0.0,0.0,0.0
29,0.0,0.0,0.0,12.0,86.0,0.0,0.0,0.0,0.0,0.0,0.0,0.0,0.0,0.0
102,0.0,0.0,0.0,0.0,2.0,0.0,0.0,0.0,0.0,0.0,0.0,0.0,0.0,0.0
103,0.0,0.0,0.0,0.0,3.0,0.0,0.0,0.0,0.0,0.0,0.0,0.0,0.0,0.0
104,1.0,0.0,5.0,396.0,1128.0,0.0,0.21000000000000008,0.0,0.20999999999999996,1.0700000000000003,11.400000000000091,0.7999999999999972,4.0,1.5999999999999943
108,0.0,0.0,0.0,0.0,67.0,0.0,0.0,0.0,0.0,0.0,0.0,0.0,0.0,0.0
136,2.0,0.0,15.0,20092.0,79696.0,0.0,0.25,0.040000000000000036,0.2900000000000009,1.25,17.399999999999977,16.30000000000001,40.0,7.400000000000006
137,0.0,0.0,0.0,0.0,746.0,0.0,0.0,0.0,0.0,0.0,0.0,0.0,0.0,0.0
138,0.0,0.0,0.0,0.0,78.0,0.0,0.0,0.0,0.0,0.0,0.0,0.0,0.0,0.0
139,0.0,0.0,0.0,0.0,21.0,0.0,0.0,0.0,0.0,0.0,0.0,0.0,0.0,0.0
618,0.0,0.0,0.0,52.0,10828.0,0.0,0.0,0.0,0.0,0.0,0.0,0.0,0.0,0.0
628,0.0,0.0,0.0,13.0,98.0,0.0,0.0,0.0,0.0,0.0,0.0,0.0,0.0,0.0
629,1.0,0.0,1.0,50.0,62.0,0.0,0.0,0.010000000000000009,0.009999999999999787,0.0600000000000005,0.0,1.200000000000017,0.0,0.0
663,0.0,0.0,0.0,0.0,42.0,0.0,0.0,0.0,0.0,0.0,0.0,0.0,0.0,0.0
668,0.0,0.0,0.0,386.0,4003.0,0.0,0.0,0.0,0.0,0.0,0.0,0.0,0.0,0.0
681,0.0,0.0,0.0,0.0,20.0,0.0,0.0,0.0,0.0,0.0,0.0,0.0,0.0,0.0
714,2.0,0.0,11.0,76.0,65.0,0.0,0.0,0.010000000000000009,0.010000000000000009,0.7999999999999998,3.799999999999997,14.100000000000001,4.0,2.200000000000001
739,0.0,0.0,0.0,118.0,488.0,0.0,0.0,0.0,0.0,0.0,0.0,0.0,0.0,0.0
758,0.0,0.0,0.0,24.0,16.0,0.0,0.0,0.0,0.0,0.0,0.0,0.0,0.0,0.0
763,0.0,0.0,-5.0,76.0,53.0,0.0,0.0,0.0,0.0,0.44,6.8,0.5,0.0,0.7
150,0.0,0.0,0.0,0.0,0.0,0.0,0.0,0.0,0.0,0.0,0.0,0.0,0.0,0.0
151,0.0,0.0,0.0,0.0,32.0,0.0,0.0,0.0,0.0,0.0,0.0,0.0,0.0,0.0
153,0.0,0.0,0.0,62.0,41.0,0.0,0.0,0.0,0.0,0.0,0.0,0.0,0.0,0.0
154,0.0,0.0,0.0,266.0,428.0,0.0,0.0,0.0,0.0,0.0,0.0,0.0,0.0,0.0
173,0.0,0.0,0.0,402.0,669.0,0.0,0.0,0.0,0.0,0.0,0.0,0.0,0.0,0.0
174,0.0,0.0,0.0,94.0,442.0,0.0,0.0,0.0,0.0,0.0,0.0,0.0,0.0,0.0
175,0.0,0.0,0.0,0.0,6.0,0.0,0.0,0.0,0.0,0.0,0.0,0.0,0.0,0.0
176,0.0,0.0,0.0,0.0,0.0,0.0,0.0,0.0,0.0,0.0,0.0,0.0,0.0,0.0
177,1.0,0.0,8.0,1186.0,1576.0,0.0,0.0,0.010000000000000231,0.009999999999999787,0.48999999999999844,5.0,0.5,0.0,0.6000000000000227
178,0.0,0.0,0.0,102.0,508.0,0.0,0.0,0.0,0.0,0.0,0.0,0.0,0.0,0.0
179,0.0,0.0,0.0,27.0,32.0,0.0,0.0,0.0,0.0,0.0,0.0,0.0,0.0,0.0
180,1.0,0.0,-4.0,23457.0,4100.0,0.0,0.129999999999999,0.0,0.13000000000000078,0.4299999999999997,0.0,2.6999999999999886,21.0,2.1999999999999886
181,0.0,0.0,0.0,746.0,22608.0,0.0,0.0,0.0,0.0,0.0,0.0,0.0,0.0,0.0
232,1.0,0.0,2.0,1760.0,7132.0,0.0,0.0,0.010000000000000009,0.009999999999999787,0.2099999999999973,0.4000000000000341,0.5,0.0,0.09999999999999432
234,0.0,0.0,0.0,18.0,14.0,0.0,0.0,0.0,0.0,0.0,0.0,0.0,0.0,0.0
235,3.0,0.0,12.0,8019.0,135980.0,0.0,0.0,0.0,0.0,1.4699999999999989,19.600000000000023,0.0,0.0,2.0
236,1.0,0.0,7.0,5819.0,25310.0,0.0,0.0,0.0,0.0,1.4699999999999989,37.0,0.30000000000001137,4.0,4.099999999999994
258,0.0,0.0,0.0,329.0,411.0,0.0,0.0,0.0,0.0,0.0,0.0,0.0,0.0,0.0
259,0.0,0.0,0.0,22.0,544.0,0.0,0.0,0.0,0.0,0.0,0.0,0.0,0.0,0.0
579,4.0,0.0,8.0,4354.0,1041.0,0.0,0.18999999999999995,0.07,0.2599999999999999,0.06000000000000005,17.0,10.5,21.0,4.900000000000002
586,1.0,0.0,5.0,16.0,29.0,0.0,0.02,0.01,0.03,2.38,14.799999999999997,1.5,4.0,2.0
604,0.0,0.0,0.0,70.0,124.0,0.0,0.0,0.0,0.0,0.0,0.0,0.0,0.0,0.0
605,0.0,0.0,0.0,31.0,64.0,0.0,0.0,0.0,0.0,0.0,0.0,0.0,0.0,0.0
250,0.0,0.0,0.0,0.0,58.0,0.0,0.0,0.0,0.0,0.0,0.0,0.0,0.0,0.0
251,5.0,0.0,22.0,3918.0,2761.0,0.0,0.54,0.0,0.54,0.0600000000000005,29.400000000000034,0.29999999999999716,30.0,6.0
287,0.0,0.0,0.0,0.0,6820.0,0.0,0.0,0.0,0.0,0.0,0.0,0.0,0.0,0.0
288,1.0,0.0,5.0,390.0,869.0,0.0,0.0,0.0,0.0,2.2399999999999984,8.800000000000011,3.099999999999998,0.0,1.1999999999999993
289,2.0,0.0,5.0,2407.0,3065.0,0.0,0.0,0.0,0.0,2.130000000000001,3.200000000000003,3.0,2.0,0.8000000000000007
290,0.0,0.0,0.0,49.0,132.0,0.0,0.0,0.0,0.0,0.0,0.0,0.0,0.0,0.0
291,1.0,0.0,10.0,3460.0,31002.0,0.0,0.0,0.0,0.0,2.240000000000002,24.399999999999977,0.29999999999999716,2.0,2.700000000000003
292,0.0,0.0,0.0,38.0,288.0,0.0,0.0,0.0,0.0,0.0,0.0,0.0,0.0,0.0
293,2.0,0.0,4.0,971.0,1375.0,0.0,0.0,0.0,0.0,2.239999999999995,18.399999999999977,0.0,0.0,1.8000000000000114
296,0.0,0.0,1.0,104.0,224.0,0.0,0.0,0.0,0.0,2.1200000000000045,4.2000000000000455,1.3000000000000114,0.0,0.6000000000000085
297,0.0,0.0,0.0,0.0,4.0,0.0,0.0,0.0,0.0,0.0,0.0,0.0,0.0,0.0
298,0.0,0.0,0.0,68.0,373.0,0.0,0.0,0.0,0.0,0.0,0.0,0.0,0.0,0.0
299,0.0,0.0,0.0,6.0,66.0,0.0,0.0,0.0,0.0,0.0,0.0,0.0,0.0,0.0
301,1.0,0.0,2.0,118.0,2511.0,0.0,0.0,0.0,0.0,0.129999999999999,1.1999999999999886,0.09999999999999964,0.0,0.09999999999999787
302,1.0,0.0,4.0,45.0,43.0,0.0,0.049999999999999996,0.010000000000000002,0.06000000000000001,0.1299999999999999,0.0,0.3000000000000007,4.0,0.40000000000000036
303,0.0,0.0,0.0,0.0,3.0,0.0,0.0,0.0,0.0,0.0,0.0,0.0,0.0,0.0
635,1.0,0.0,1.0,159.0,1096.0,0.0,0.019999999999999907,0.010000000000000009,0.029999999999999805,2.120000000000001,7.400000000000034,1.2999999999999545,1.0,1.0
694,0.0,0.0,0.0,9.0,20.0,0.0,0.0,0.0,0.0,0.0,0.0,0.0,0.0,0.0
708,0.0,0.0,0.0,0.0,10.0,0.0,0.0,0.0,0.0,0.0,0.0,0.0,0.0,0.0
370,0.0,0.0,2.0,81.0,126.0,0.0,0.0,0.040000000000000036,0.040000000000000036,0.17999999999999972,5.0,26.30000000000001,0.0,3.1000000000000014
371,0.0,0.0,0.0,12.0,37.0,0.0,0.0,0.0,0.0,0.0,0.0,0.0,0.0,0.0
373,0.0,0.0,0.0,0.0,3.0,0.0,0.0,0.0,0.0,0.0,0.0,0.0,0.0,0.0
495,0.0,0.0,0.0,60139.0,43591.0,0.0,0.0,0.010000000000000231,0.009999999999999787,0.0,0.0,0.2999999999999545,0.0,0.0
496,0.0,0.0,0.0,148.0,139.0,0.0,0.0,0.0,0.0,0.0,0.0,0.0,0.0,0.0
497,0.0,0.0,0.0,90.0,119.0,0.0,0.0,0.0,0.0,0.0,0.0,0.0,0.0,0.0
498,1.0,0.0,6.0,14957.0,1370.0,0.0,0.0,0.010000000000000009,0.010000000000000009,1.0900000000000016,19.399999999999977,0.8000000000000114,0.0,2.0
499,0.0,0.0,-1.0,1220.0,987.0,0.0,0.020000000000000018,0.010000000000000009,0.029999999999999805,0.030000000000001137,0.0,0.799999999999983,10.0,0.9000000000000057
610,0.0,0.0,0.0,52.0,298.0,0.0,0.0,0.0,0.0,0.0,0.0,0.0,0.0,0.0
612,2.0,0.0,6.0,684.0,442.0,0.0,0.0,0.009999999999999981,0.010000000000000009,1.0599999999999996,4.0,12.799999999999997,4.0,2.099999999999998
683,0.0,0.0,0.0,12.0,23.0,0.0,0.0,0.0,0.0,0.0,0.0,0.0,0.0,0.0
716,0.0,0.0,0.0,84.0,758.0,0.0,0.0,0.0,0.0,0.0,0.0,0.0,0.0,0.0
717,0.0,0.0,0.0,0.0,1.0,0.0,0.0,0.0,0.0,0.0,0.0,0.0,0.0,0.0
729,0.0,0.0,0.0,43.0,44.0,0.0,0.0,0.0,0.0,0.0,0.0,0.0,0.0,0.0
749,0.0,0.0,0.0,1929.0,662.0,0.0,0.0,0.0,0.0,0.0,0.0,0.0,0.0,0.0
760,0.0,0.0,0.0,36.0,28.0,0.0,0.0,0.0,0.0,0.0,0.0,0.0,0.0,0.0
767,0.0,0.0,0.0,10.0,539.0,0.0,0.0,0.0,0.0,0.0,0.0,0.0,0.0,0.0
768,1.0,0.0,1.0,896.0,2270.0,0.0,0.030000000000000027,0.009999999999999995,0.040000000000000036,0.0,0.0,0.4000000000000057,5.0,0.3999999999999986
123,1.0,0.0,-2.0,485.0,1241.0,0.0,0.30999999999999994,0.0,0.31000000000000005,0.45999999999999996,1.0,3.799999999999997,5.0,1.0
388,2.0,0.0,18.0,28141.0,40104.0,0.0,0.0,0.14000000000000012,0.14000000000000012,1.1799999999999997,34.0,17.80000000000001,4.0,5.599999999999994
512,0.0,0.0,0.0,67.0,255.0,0.0,0.0,0.0,0.0,0.0,0.0,0.0,0.0,0.0
513,2.0,0.0,10.0,128307.0,28545.0,0.0,0.0,0.0,0.0,1.1800000000000033,17.0,0.0,0.0,1.6999999999999957
514,2.0,0.0,8.0,31974.0,138225.0,0.0,0.17999999999999972,0.2999999999999998,0.4800000000000004,1.1799999999999997,10.0,20.5,23.0,5.400000000000006
516,0.0,0.0,0.0,328.0,348.0,0.0,0.0,0.0,0.0,0.0,0.0,0.0,0.0,0.0
520,1.0,0.0,-1.0,419.0,1444.0,0.0,0.24,0.0,0.2400000000000002,0.5500000000000043,0.0,0.7999999999999545,4.0,0.4000000000000057
526,1.0,0.0,6.0,16.0,20.0,0.0,0.0,0.0,0.0,0.45999999999999996,3.6000000000000014,10.5,0.0,1.3999999999999995
527,2.0,0.0,12.0,816.0,471.0,0.0,0.04999999999999982,0.2400000000000002,0.29000000000000004,1.1799999999999997,23.399999999999977,40.39999999999998,10.0,7.400000000000006
528,1.0,0.0,8.0,276.0,81.0,0.0,0.0,0.0,0.0,1.1799999999999997,15.800000000000011,1.0,0.0,1.6999999999999957
541,0.0,0.0,0.0,1623.0,74112.0,0.0,0.0,0.0,0.0,0.0,0.0,0.0,0.0,0.0
542,0.0,0.0,0.0,62.0,137.0,0.0,0.0,0.0,0.0,0.0,0.0,0.0,0.0,0.0
701,0.0,0.0,0.0,22.0,34.0,0.0,0.0,0.0,0.0,0.0,0.0,0.0,0.0,0.0
750,0.0,0.0,0.0,1066.0,578.0,0.0,0.0,0.0,0.0,0.0,0.0,0.0,0.0,0.0
204,0.0,0.0,0.0,126.0,456.0,0.0,0.0,0.0,0.0,0.0,0.0,0.0,0.0,0.0
556,0.0,0.0,0.0,99.0,1213.0,0.0,0.0,0.0,0.0,0.0,0.0,0.0,0.0,0.0
557,0.0,0.0,0.0,0.0,118.0,0.0,0.0,0.0,0.0,0.0,0.0,0.0,0.0,0.0
558,0.0,0.0,0.0,2566.0,4267.0,0.0,0.0,0.0,0.0,0.0,0.0,0.0,0.0,0.0
559,6.0,0.0,19.0,4733.0,4407.0,0.0,0.0,0.040000000000000036,0.040000000000000036,1.3399999999999963,2.0,5.099999999999966,0.0,0.6999999999999886
561,0.0,0.0,0.0,315.0,1674.0,0.0,0.0,0.0,0.0,0.0,0.0,0.0,0.0,0.0
562,0.0,0.0,0.0,0.0,1.0,0.0,0.0,0.0,0.0,0.0,0.0,0.0,0.0,0.0
563,0.0,0.0,0.0,69.0,85.0,0.0,0.0,0.0,0.0,0.0,0.0,0.0,0.0,0.0
564,1.0,0.0,4.0,63.0,172.0,0.0,0.0,0.0,0.0,0.41000000000000014,3.0,0.0,0.0,0.30000000000000426
565,1.0,0.0,1.0,95.0,273.0,0.0,0.0,0.0,0.0,0.7200000000000006,1.3999999999999915,4.300000000000011,2.0,0.7999999999999972
566,9.0,3.0,42.0,160538.0,21378.0,1.0,0.20999999999999996,0.26,0.46999999999999975,1.3400000000000034,43.599999999999966,38.29999999999998,19.0,10.099999999999994
567,6.0,0.0,26.0,1095.0,926.0,0.0,0.12,0.010000000000000009,0.13,1.3399999999999999,33.60000000000002,1.1999999999999886,17.0,5.200000000000003
637,0.0,0.0,0.0,305.0,439.0,0.0,0.0,0.0,0.0,0.0,0.0,0.0,0.0,0.0
2,0.0,0.0,0.0,45.0,583.0,0.0,0.0,0.0,0.0,0.0,0.0,0.0,0.0,0.0
3,1.0,0.0,3.0,49682.0,920190.0,0.0,0.0,0.0,0.0,0.0,1.6000000000000227,0.20000000000001705,0.0,0.20000000000000284
4,0.0,0.0,0.0,103.0,2553.0,0.0,0.0,0.0,0.0,0.0,0.0,0.0,0.0,0.0
5,0.0,0.0,0.0,0.0,14.0,0.0,0.0,0.0,0.0,0.0,0.0,0.0,0.0,0.0
6,7.0,1.0,25.0,73506.0,54960.0,0.0,0.28,0.030000000000000027,0.31000000000000005,0.23999999999999844,9.600000000000023,9.5,17.0,3.5999999999999943
7,0.0,0.0,0.0,65.0,168.0,0.0,0.0,0.0,0.0,0.0,0.0,0.0,0.0,0.0
638,0.0,0.0,0.0,20.0,20.0,0.0,0.0,0.0,0.0,0.0,0.0,0.0,0.0,0.0
51,0.0,0.0,0.0,708.0,509.0,0.0,0.0,0.0,0.0,0.0,0.0,0.0,0.0,0.0
52,8.0,2.0,31.0,9262.0,1524.0,1.0,0.0,0.0,0.0,0.9000000000000021,30.80000000000001,0.7000000000000028,0.0,3.1999999999999957
53,3.0,0.0,7.0,1151.0,1759.0,0.0,0.0,0.010000000000000009,0.010000000000000231,0.48999999999999844,8.599999999999994,1.1999999999999886,6.0,1.6000000000000014
54,10.0,1.0,30.0,221191.0,72415.0,1.0,0.0,0.27,0.27000000000000135,0.490000000000002,48.0,25.300000000000068,2.0,7.5
710,0.0,0.0,0.0,26.0,23.0,0.0,0.0,0.0,0.0,0.0,0.0,0.0,0.0,0.0
96,0.0,0.0,0.0,63.0,655.0,0.0,0.0,0.0,0.0,0.0,0.0,0.0,0.0,0.0
124,0.0,0.0,0.0,0.0,0.0,0.0,0.0,0.0,0.0,0.0,0.0,0.0,0.0,0.0
125,0.0,0.0,0.0,0.0,3.0,0.0,0.0,0.0,0.0,0.0,0.0,0.0,0.0,0.0
126,1.0,0.0,5.0,162.0,248.0,0.0,0.0,0.08000000000000007,0.08000000000000007,0.7999999999999972,3.8000000000000114,17.700000000000017,2.0,2.4000000000000057
127,0.0,0.0,0.0,0.0,2.0,0.0,0.0,0.0,0.0,0.0,0.0,0.0,0.0,0.0
128,0.0,0.0,0.0,13.0,62.0,0.0,0.0,0.0,0.0,0.0,0.0,0.0,0.0,0.0
129,2.0,0.0,7.0,60423.0,100326.0,0.0,0.09999999999999964,0.020000000000000018,0.11999999999999922,0.8000000000000007,10.600000000000023,2.8000000000000114,23.0,3.5999999999999943
130,0.0,0.0,0.0,0.0,0.0,0.0,0.0,0.0,0.0,0.0,0.0,0.0,0.0,0.0
131,0.0,0.0,0.0,42.0,3332.0,0.0,0.0,0.0,0.0,0.0,0.0,0.0,0.0,0.0
132,0.0,0.0,0.0,125.0,177.0,0.0,0.0,0.0,0.0,0.0,0.0,0.0,0.0,0.0
133,0.0,0.0,0.0,0.0,1.0,0.0,0.0,0.0,0.0,0.0,0.0,0.0,0.0,0.0
134,0.0,0.0,0.0,7.0,16.0,0.0,0.0,0.0,0.0,0.0,0.0,0.0,0.0,0.0
140,0.0,0.0,0.0,0.0,55.0,0.0,0.0,0.0,0.0,0.0,0.0,0.0,0.0,0.0
141,0.0,0.0,0.0,0.0,3.0,0.0,0.0,0.0,0.0,0.0,0.0,0.0,0.0,0.0
142,0.0,0.0,0.0,105.0,1133.0,0.0,0.0,0.0,0.0,0.0,0.0,0.0,0.0,0.0
147,0.0,0.0,0.0,16.0,1468.0,0.0,0.0,0.0,0.0,0.0,0.0,0.0,0.0,0.0
148,0.0,0.0,0.0,4401.0,13564.0,0.0,0.0,0.029999999999999805,0.03000000000000025,0.4399999999999977,0.0,1.299999999999983,2.0,0.29999999999999716
149,1.0,0.0,4.0,11.0,54.0,0.0,0.0,0.010000000000000009,0.010000000000000009,0.4399999999999995,4.800000000000011,11.099999999999994,0.0,1.5999999999999979
595,2.0,0.0,3.0,50.0,34.0,0.0,0.0,0.020000000000000018,0.019999999999999907,1.1900000000000004,1.7999999999999972,3.8000000000000114,6.0,1.1999999999999957
600,2.0,0.0,12.0,106.0,100.0,0.0,0.4099999999999999,0.08000000000000007,0.4900000000000002,1.25,6.0,13.699999999999989,11.0,3.1000000000000085
212,0.0,0.0,0.0,0.0,0.0,0.0,0.0,0.0,0.0,0.0,0.0,0.0,0.0,0.0
213,0.0,0.0,0.0,0.0,11.0,0.0,0.0,0.0,0.0,0.0,0.0,0.0,0.0,0.0
214,0.0,0.0,0.0,0.0,37.0,0.0,0.0,0.0,0.0,0.0,0.0,0.0,0.0,0.0
216,1.0,0.0,9.0,176.0,197.0,0.0,0.0,0.06000000000000005,0.06000000000000005,0.6700000000000017,12.200000000000017,15.199999999999989,2.0,2.8999999999999986
445,0.0,0.0,0.0,2061.0,23600.0,0.0,0.0,0.0,0.0,0.0,0.0,0.0,0.0,0.0
585,2.0,0.0,11.0,319457.0,54393.0,0.0,0.0,0.08000000000000007,0.08000000000000007,0.6700000000000017,13.399999999999977,24.599999999999966,14.0,5.200000000000017
266,0.0,0.0,0.0,0.0,114.0,0.0,0.0,0.0,0.0,0.0,0.0,0.0,0.0,0.0
267,0.0,0.0,0.0,599.0,8325.0,0.0,0.0,0.0,0.0,0.0,0.0,0.0,0.0,0.0
268,9.0,3.0,41.0,34329.0,13747.0,1.0,0.2699999999999996,0.010000000000000009,0.27999999999999936,1.5399999999999991,38.60000000000002,6.300000000000011,21.0,6.599999999999994
269,0.0,0.0,0.0,0.0,37.0,0.0,0.0,0.0,0.0,0.0,0.0,0.0,0.0,0.0
270,0.0,0.0,0.0,1613.0,52314.0,0.0,0.0,0.0,0.0,0.0,0.0,0.0,0.0,0.0
583,4.0,0.0,15.0,1480.0,878.0,0.0,0.0,0.08000000000000002,0.08000000000000002,1.87,33.8,11.5,2.0,4.699999999999999
611,0.0,0.0,0.0,57.0,184.0,0.0,0.0,0.0,0.0,0.0,0.0,0.0,0.0,0.0
619,2.0,0.0,13.0,1608.0,1195.0,0.0,0.08999999999999997,0.010000000000000009,0.10000000000000009,1.8699999999999974,11.400000000000006,12.600000000000023,4.0,2.799999999999997
630,2.0,0.0,17.0,8169.0,10261.0,0.0,0.030000000000000027,0.0,0.029999999999999805,1.8699999999999974,51.19999999999993,0.0,4.0,5.5
631,1.0,0.0,6.0,141.0,132.0,0.0,0.0,0.0,0.0,0.3299999999999983,8.399999999999977,10.299999999999983,2.0,2.1000000000000014
363,0.0,0.0,0.0,0.0,547.0,0.0,0.0,0.0,0.0,0.0,0.0,0.0,0.0,0.0
571,9.0,3.0,34.0,89859.0,29649.0,0.0,0.16000000000000014,0.47999999999999954,0.6400000000000006,0.019999999999999574,34.19999999999999,60.299999999999955,41.0,13.599999999999994
607,3.0,0.0,16.0,695.0,269.0,0.0,0.11000000000000001,0.04,0.15,0.06999999999999999,14.600000000000001,17.4,7.0,3.9
625,3.0,0.0,17.0,1036.0,913.0,0.0,0.10000000000000009,0.4099999999999997,0.5100000000000007,0.07000000000000028,17.400000000000006,43.5,4.0,6.5
671,0.0,0.0,0.0,0.0,7.0,0.0,0.0,0.0,0.0,0.0,0.0,0.0,0.0,0.0
672,0.0,0.0,0.0,48.0,85.0,0.0,0.0,0.0,0.0,0.0,0.0,0.0,0.0,0.0
675,0.0,0.0,0.0,0.0,11.0,0.0,0.0,0.0,0.0,0.0,0.0,0.0,0.0,0.0
698,0.0,0.0,0.0,388.0,664.0,0.0,0.0,0.0,0.0,0.0,0.0,0.0,0.0,0.0
703,0.0,0.0,0.0,28.0,31.0,0.0,0.0,0.0,0.0,0.0,0.0,0.0,0.0,0.0
704,0.0,0.0,0.0,30.0,27.0,0.0,0.0,0.0,0.0,0.0,0.0,0.0,0.0,0.0
732,0.0,0.0,0.0,8211.0,9323.0,0.0,0.0,0.0,0.0,0.0,0.0,0.0,0.0,0.0
613,0.0,0.0,0.0,58.0,155.0,0.0,0.0,0.0,0.0,0.0,0.0,0.0,0.0,0.0
648,0.0,0.0,0.0,0.0,1915.0,0.0,0.0,0.0,0.0,0.0,0.0,0.0,0.0,0.0
652,1.0,0.0,12.0,125.0,360.0,0.0,0.0,0.020000000000000018,0.020000000000000018,0.21999999999999886,4.400000000000006,2.700000000000017,0.0,0.6999999999999957
658,0.0,0.0,0.0,104.0,881.0,0.0,0.0,0.0,0.0,0.0,0.0,0.0,0.0,0.0
766,2.0,0.0,16.0,2854.0,1410.0,0.0,0.21999999999999997,0.6000000000000001,0.82,0.47999999999999954,14.999999999999996,20.200000000000003,37.0,7.199999999999999
776,0.0,0.0,0.0,2070.0,1953.0,0.0,0.0,0.0,0.0,0.0,0.0,0.0,0.0,0.0
777,0.0,0.0,0.0,16.0,16.0,0.0,0.0,0.0,0.0,0.0,0.0,0.0,0.0,0.0
394,2.0,0.0,12.0,57403.0,11926.0,0.0,0.0,0.07000000000000028,0.07000000000000028,1.6000000000000014,20.199999999999932,24.100000000000023,10.0,5.400000000000006
402,5.0,0.0,22.0,346937.0,29325.0,0.0,0.11999999999999966,0.3999999999999999,0.5199999999999996,1.2100000000000009,22.80000000000001,36.900000000000034,9.0,6.8999999999999915
403,2.0,0.0,22.0,2105.0,1316.0,0.0,0.09999999999999964,0.030000000000000027,0.1299999999999999,1.5999999999999979,18.80000000000001,16.899999999999977,25.0,6.099999999999994
408,0.0,0.0,0.0,0.0,61.0,0.0,0.0,0.0,0.0,0.0,0.0,0.0,0.0,0.0
409,2.0,0.0,19.0,239542.0,25085.0,0.0,0.0,0.3800000000000001,0.3799999999999999,1.5999999999999979,22.0,26.19999999999999,0.0,4.799999999999997
410,0.0,0.0,0.0,259.0,605.0,0.0,0.0,0.0,0.0,0.0,0.0,0.0,0.0,0.0
404,0.0,0.0,0.0,0.0,57.0,0.0,0.0,0.0,0.0,0.0,0.0,0.0,0.0,0.0
405,1.0,0.0,3.0,86.0,45.0,0.0,0.0,0.0,0.0,0.17999999999999972,0.19999999999999574,0.29999999999999893,0.0,0.10000000000000053
406,0.0,0.0,0.0,108.0,151.0,0.0,0.0,0.0,0.0,0.0,0.0,0.0,0.0,0.0
420,1.0,0.0,4.0,174.0,322.0,0.0,0.06000000000000005,0.0,0.06000000000000005,0.40000000000000036,2.0,0.29999999999998295,17.0,1.8999999999999986
421,1.0,0.0,5.0,3514.0,857.0,0.0,0.11000000000000001,0.01,0.11999999999999997,0.3999999999999999,3.2,11.3,9.0,2.4
574,0.0,0.0,0.0,0.0,17.0,0.0,0.0,0.0,0.0,0.0,0.0,0.0,0.0,0.0
590,0.0,0.0,0.0,196.0,161.0,0.0,0.0,0.0,0.0,0.0,0.0,0.0,0.0,0.0
746,8.0,0.0,0.0,8250.0,412.0,0.0,0.0,0.0,0.0,0.0,0.0,0.0,0.0,0.0
789,0.0,0.0,0.0,235.0,99.0,0.0,0.0,0.0,0.0,0.0,0.0,0.0,0.0,0.0
26,1.0,0.0,8.0,166.0,1355.0,0.0,0.0,0.06000000000000005,0.06000000000000005,1.1799999999999997,9.199999999999989,1.9000000000000057,2.0,1.2999999999999972
455,1.0,0.0,11.0,3382.0,9977.0,0.0,0.0,0.0,0.0,0.740000000000002,18.600000000000023,0.29999999999999716,0.0,1.8999999999999915
456,0.0,0.0,0.0,163.0,974.0,0.0,0.0,0.0,0.0,0.0,0.0,0.0,0.0,0.0
457,0.0,0.0,0.0,99.0,1024.0,0.0,0.0,0.0,0.0,0.0,0.0,0.0,0.0,0.0
458,0.0,0.0,0.0,0.0,11.0,0.0,0.0,0.0,0.0,0.0,0.0,0.0,0.0,0.0
459,0.0,0.0,0.0,0.0,2.0,0.0,0.0,0.0,0.0,0.0,0.0,0.0,0.0,0.0
460,0.0,0.0,0.0,0.0,460.0,0.0,0.0,0.0,0.0,0.0,0.0,0.0,0.0,0.0
461,2.0,0.0,12.0,2688.0,29254.0,0.0,0.0,0.030000000000000027,0.029999999999999805,0.740000000000002,18.799999999999955,12.600000000000023,4.0,3.5
462,3.0,0.0,8.0,32.0,436.0,0.0,0.0,0.020000000000000018,0.020000000000000018,0.629999999999999,7.0,9.400000000000006,6.0,2.200000000000003
549,0.0,0.0,0.0,0.0,0.0,0.0,0.0,0.0,0.0,0.0,0.0,0.0,0.0,0.0
550,0.0,0.0,0.0,663.0,1485.0,0.0,0.0,0.0,0.0,0.0,0.0,0.0,0.0,0.0
551,0.0,0.0,0.0,0.0,66.0,0.0,0.0,0.0,0.0,0.0,0.0,0.0,0.0,0.0
642,2.0,0.0,10.0,150.0,160.0,0.0,0.05000000000000002,0.010000000000000009,0.05999999999999994,0.620000000000001,0.0,2.8000000000000114,1.0,0.29999999999999716
655,0.0,0.0,0.0,33.0,67.0,0.0,0.0,0.0,0.0,0.0,0.0,0.0,0.0,0.0
664,0.0,0.0,0.0,294.0,1997.0,0.0,0.0,0.0,0.0,0.0,0.0,0.0,0.0,0.0
682,0.0,0.0,0.0,51.0,85.0,0.0,0.0,0.0,0.0,0.0,0.0,0.0,0.0,0.0
711,0.0,0.0,0.0,106.0,48.0,0.0,0.0,0.0,0.0,0.0,0.0,0.0,0.0,0.0
720,6.0,0.0,27.0,10017.0,3242.0,0.0,0.03,0.0,0.03,1.3399999999999999,16.0,0.9000000000000004,1.0,1.8000000000000007
751,9.0,0.0,0.0,586.0,553.0,0.0,0.0,0.0,0.0,0.0,0.0,0.0,0.0,0.0
769,0.0,0.0,0.0,92.0,64.0,0.0,0.0,0.0,0.0,0.0,0.0,0.0,0.0,0.0
38,0.0,0.0,0.0,0.0,965.0,0.0,0.0,0.0,0.0,0.0,0.0,0.0,0.0,0.0
39,0.0,0.0,0.0,0.0,1141.0,0.0,0.0,0.0,0.0,0.0,0.0,0.0,0.0,0.0
40,0.0,0.0,0.0,193.0,688.0,0.0,0.0,0.0,0.0,0.0,0.0,0.0,0.0,0.0
41,0.0,0.0,0.0,0.0,1.0,0.0,0.0,0.0,0.0,0.0,0.0,0.0,0.0,0.0
42,3.0,0.0,20.0,128.0,112.0,0.0,0.0,0.020000000000000018,0.020000000000000018,0.9000000000000021,18.799999999999983,12.299999999999997,0.0,3.1000000000000014
164,0.0,0.0,0.0,0.0,6.0,0.0,0.0,0.0,0.0,0.0,0.0,0.0,0.0,0.0
276,0.0,0.0,0.0,0.0,225.0,0.0,0.0,0.0,0.0,0.0,0.0,0.0,0.0,0.0
277,0.0,0.0,0.0,60.0,352.0,0.0,0.0,0.0,0.0,0.0,0.0,0.0,0.0,0.0
278,2.0,0.0,9.0,427.0,330.0,0.0,0.0,0.010000000000000009,0.010000000000000009,1.5600000000000023,5.400000000000034,10.599999999999994,0.0,1.6000000000000014
279,0.0,0.0,0.0,0.0,0.0,0.0,0.0,0.0,0.0,0.0,0.0,0.0,0.0,0.0
280,0.0,0.0,0.0,823.0,2592.0,0.0,0.0,0.0,0.0,0.0,0.0,0.0,0.0,0.0
281,1.0,0.0,4.0,21.0,28.0,0.0,0.030000000000000027,0.0,0.030000000000000027,0.33000000000000007,9.200000000000003,0.09999999999999432,1.0,1.0
328,3.0,0.0,1.0,89054.0,15713.0,0.0,0.07000000000000028,0.09999999999999964,0.16999999999999815,0.6699999999999982,7.600000000000136,9.299999999999955,47.0,6.400000000000034
329,3.0,0.0,14.0,2380.0,3223.0,0.0,0.020000000000000018,0.2699999999999996,0.28999999999999915,0.6699999999999982,7.600000000000023,18.799999999999955,2.0,2.799999999999983
335,7.0,1.0,28.0,25791.0,5594.0,0.0,0.06999999999999995,0.1499999999999999,0.22000000000000064,0.6700000000000017,21.0,27.600000000000023,6.0,5.5
336,3.0,0.0,8.0,12024.0,30182.0,0.0,0.0600000000000005,0.04999999999999982,0.10999999999999943,0.6699999999999982,4.399999999999977,20.399999999999977,3.0,2.8000000000000114
660,0.0,0.0,0.0,27.0,274.0,0.0,0.0,0.0,0.0,0.0,0.0,0.0,0.0,0.0
669,0.0,0.0,0.0,34.0,16.0,0.0,0.0,0.0,0.0,0.0,0.0,0.0,0.0,0.0
463,0.0,0.0,0.0,15.0,27.0,0.0,0.0,0.0,0.0,0.0,0.0,0.0,0.0,0.0
464,0.0,0.0,0.0,98.0,73.0,0.0,0.0,0.0,0.0,0.0,0.0,0.0,0.0,0.0
465,0.0,0.0,0.0,0.0,183.0,0.0,0.0,0.0,0.0,0.0,0.0,0.0,0.0,0.0
466,0.0,0.0,0.0,67.0,2495.0,0.0,0.0,0.0,0.0,0.0,0.0,0.0,0.0,0.0
467,6.0,0.0,23.0,75.0,124.0,0.0,0.0,0.31000000000000005,0.31000000000000005,0.629999999999999,12.400000000000006,33.5,0.0,4.600000000000001
188,3.0,0.0,6.0,408.0,1330.0,0.0,0.010000000000000009,0.11000000000000004,0.12,0.5199999999999996,6.599999999999994,20.80000000000001,6.0,3.299999999999997
397,0.0,0.0,0.0,9.0,22.0,0.0,0.0,0.0,0.0,0.0,0.0,0.0,0.0,0.0
451,0.0,0.0,0.0,0.0,144.0,0.0,0.0,0.0,0.0,0.0,0.0,0.0,0.0,0.0
452,1.0,0.0,2.0,22.0,414.0,0.0,0.0,0.0,0.0,0.21999999999999886,1.0,0.4000000000000341,0.0,0.10000000000000853
589,0.0,0.0,0.0,839.0,144.0,0.0,0.13000000000000012,0.010000000000000009,0.14000000000000012,0.7199999999999998,0.0,11.799999999999997,10.0,1.8000000000000007
591,0.0,0.0,0.0,671.0,795.0,0.0,0.0,0.0,0.0,0.0,0.0,0.0,0.0,0.0
643,0.0,0.0,0.0,46.0,97.0,0.0,0.0,0.0,0.0,0.0,0.0,0.0,0.0,0.0
654,1.0,0.0,5.0,47.0,86.0,0.0,0.0,0.030000000000000027,0.03000000000000025,0.7199999999999989,3.0,2.0999999999999943,2.0,0.7000000000000028
677,2.0,0.0,3.0,704.0,1192.0,0.0,0.0,0.01999999999999999,0.020000000000000018,0.6299999999999999,4.200000000000003,3.0,2.0,0.9000000000000004
686,0.0,0.0,0.0,55.0,28.0,0.0,0.0,0.0,0.0,0.0,0.0,0.0,0.0,0.0
543,7.0,2.0,28.0,5866.0,1824.0,0.0,0.0,0.04999999999999993,0.04999999999999982,1.3399999999999999,28.399999999999977,12.099999999999994,2.0,4.300000000000011
544,0.0,0.0,0.0,18.0,50.0,0.0,0.0,0.0,0.0,0.0,0.0,0.0,0.0,0.0
545,0.0,0.0,0.0,0.0,3.0,0.0,0.0,0.0,0.0,0.0,0.0,0.0,0.0,0.0
546,0.0,0.0,0.0,0.0,647.0,0.0,0.0,0.0,0.0,0.0,0.0,0.0,0.0,0.0
547,0.0,0.0,0.0,56.0,98.0,0.0,0.0,0.0,0.0,0.0,0.0,0.0,0.0,0.0
548,0.0,0.0,0.0,140.0,361.0,0.0,0.0,0.0,0.0,0.0,0.0,0.0,0.0,0.0
770,3.0,0.0,-4.0,1747.0,3052.0,0.0,0.7,0.0,0.7,1.3400000000000003,8.200000000000003,0.29999999999999716,8.0,1.6999999999999993
34,0.0,0.0,0.0,0.0,0.0,0.0,0.0,0.0,0.0,0.0,0.0,0.0,0.0,0.0
114,0.0,0.0,0.0,0.0,1.0,0.0,0.0,0.0,0.0,0.0,0.0,0.0,0.0,0.0
218,1.0,0.0,-5.0,11758.0,121180.0,0.0,0.3100000000000005,0.0,0.3100000000000005,1.2599999999999998,1.1999999999999886,10.599999999999994,4.0,1.5999999999999943
225,0.0,0.0,0.0,0.0,66.0,0.0,0.0,0.0,0.0,0.0,0.0,0.0,0.0,0.0
226,1.0,0.0,4.0,4110.0,5568.0,0.0,0.0,0.0,0.0,0.21000000000000085,5.199999999999989,0.10000000000000142,0.0,0.5
227,0.0,0.0,0.0,334.0,2647.0,0.0,0.0,0.0,0.0,0.0,0.0,0.0,0.0,0.0
228,0.0,0.0,0.0,21271.0,17812.0,0.0,0.0,0.0,0.0,0.0,0.0,0.0,0.0,0.0
229,0.0,0.0,0.0,0.0,32.0,0.0,0.0,0.0,0.0,0.0,0.0,0.0,0.0,0.0
237,1.0,0.0,3.0,92.0,64.0,0.0,0.0,0.0,0.0,0.02,0.0,0.0,0.0,0.0
627,0.0,0.0,0.0,68.0,77.0,0.0,0.0,0.0,0.0,0.0,0.0,0.0,0.0,0.0
651,0.0,0.0,0.0,15.0,16.0,0.0,0.0,0.0,0.0,0.0,0.0,0.0,0.0,0.0
678,0.0,0.0,0.0,21.0,32.0,0.0,0.0,0.0,0.0,0.0,0.0,0.0,0.0,0.0
724,0.0,0.0,0.0,413.0,472.0,0.0,0.0,0.0,0.0,0.0,0.0,0.0,0.0,0.0
742,0.0,0.0,0.0,413.0,1993.0,0.0,0.0,0.0,0.0,0.0,0.0,0.0,0.0,0.0
773,0.0,0.0,0.0,11.0,8.0,0.0,0.0,0.0,0.0,0.0,0.0,0.0,0.0,0.0
775,0.0,0.0,0.0,19.0,11.0,0.0,0.0,0.0,0.0,0.0,0.0,0.0,0.0,0.0
10,0.0,0.0,0.0,3.0,12.0,0.0,0.0,0.0,0.0,0.0,0.0,0.0,0.0,0.0
19,2.0,0.0,13.0,2061.0,18854.0,0.0,0.0,0.020000000000000018,0.020000000000000462,1.2300000000000004,7.199999999999989,6.300000000000011,2.0,1.6000000000000085
319,0.0,0.0,0.0,167.0,279.0,0.0,0.0,0.0,0.0,0.0,0.0,0.0,0.0,0.0
320,1.0,0.0,3.0,90.0,123.0,0.0,0.0,0.0,0.0,0.0,0.0,0.0,0.0,0.0
321,1.0,0.0,3.0,14391.0,56977.0,0.0,0.0,0.0,0.0,0.0,0.0,0.0,0.0,0.0
325,6.0,0.0,25.0,15095.0,3229.0,0.0,0.0,0.0,0.0,0.6699999999999999,6.0,0.0,0.0,0.6000000000000014
326,6.0,0.0,26.0,74615.0,26865.0,0.0,0.47,0.010000000000000009,0.4800000000000002,0.6699999999999982,22.399999999999977,4.300000000000011,7.0,3.4000000000000057
688,0.0,0.0,0.0,19.0,18.0,0.0,0.0,0.0,0.0,0.0,0.0,0.0,0.0,0.0
706,0.0,0.0,0.0,132.0,123.0,0.0,0.0,0.0,0.0,0.0,0.0,0.0,0.0,0.0
506,2.0,0.0,9.0,6978.0,1397.0,0.0,0.19000000000000006,0.0,0.18999999999999995,1.0899999999999999,17.200000000000017,0.7999999999999972,17.0,3.5
507,0.0,0.0,0.0,0.0,0.0,0.0,0.0,0.0,0.0,0.0,0.0,0.0,0.0,0.0
508,3.0,0.0,18.0,15803.0,2646.0,0.0,0.0,0.0,0.0,1.0899999999999999,36.400000000000034,0.0,0.0,3.5999999999999943
509,0.0,0.0,0.0,59.0,46.0,0.0,0.0,0.0,0.0,0.0,0.0,0.0,0.0,0.0
510,0.0,0.0,0.0,5639.0,2777.0,0.0,0.0,0.0,0.0,0.0,0.0,0.0,0.0,0.0
609,0.0,0.0,0.0,0.0,2148.0,0.0,0.0,0.0,0.0,0.0,0.0,0.0,0.0,0.0
699,0.0,0.0,0.0,0.0,11.0,0.0,0.0,0.0,0.0,0.0,0.0,0.0,0.0,0.0
700,0.0,0.0,0.0,43.0,39.0,0.0,0.0,0.0,0.0,0.0,0.0,0.0,0.0,0.0
511,1.0,0.0,9.0,88.0,151.0,0.0,0.0,0.010000000000000009,0.010000000000000009,0.7199999999999989,3.1999999999999886,0.9000000000000057,0.0,0.3999999999999986
529,0.0,0.0,0.0,0.0,3.0,0.0,0.0,0.0,0.0,0.0,0.0,0.0,0.0,0.0
530,1.0,0.0,0.0,4731.0,7489.0,0.0,0.41000000000000014,0.0,0.41000000000000014,0.5499999999999972,0.0,0.09999999999999432,8.0,0.6000000000000085
531,2.0,0.0,9.0,244.0,323.0,0.0,0.02999999999999997,0.10000000000000009,0.1299999999999999,0.629999999999999,4.400000000000006,3.4000000000000057,1.0,0.9000000000000057
532,0.0,0.0,0.0,0.0,29.0,0.0,0.0,0.0,0.0,0.0,0.0,0.0,0.0,0.0
246,0.0,0.0,0.0,0.0,1.0,0.0,0.0,0.0,0.0,0.0,0.0,0.0,0.0,0.0
692,0.0,0.0,0.0,20.0,33.0,0.0,0.0,0.0,0.0,0.0,0.0,0.0,0.0,0.0
411,1.0,0.0,3.0,42.0,65.0,0.0,0.0,0.0,0.0,0.0,0.0,0.0,0.0,0.0
482,0.0,0.0,0.0,140.0,265.0,0.0,0.0,0.0,0.0,0.0,0.0,0.0,0.0,0.0
483,0.0,0.0,0.0,0.0,0.0,0.0,0.0,0.0,0.0,0.0,0.0,0.0,0.0,0.0
484,0.0,0.0,0.0,132.0,181.0,0.0,0.0,0.0,0.0,0.0,0.0,0.0,0.0,0.0
485,0.0,0.0,0.0,0.0,13.0,0.0,0.0,0.0,0.0,0.0,0.0,0.0,0.0,0.0
486,0.0,0.0,0.0,10.0,264.0,0.0,0.0,0.0,0.0,0.0,0.0,0.0,0.0,0.0
487,0.0,0.0,0.0,0.0,2.0,0.0,0.0,0.0,0.0,0.0,0.0,0.0,0.0,0.0
488,0.0,0.0,0.0,143.0,1271.0,0.0,0.0,0.0,0.0,0.0,0.0,0.0,0.0,0.0
489,0.0,0.0,0.0,126.0,702.0,0.0,0.0,0.0,0.0,0.0,0.0,0.0,0.0,0.0
8,2.0,0.0,10.0,18700.0,2557.0,0.0,0.06,0.010000000000000002,0.07,0.9900000000000002,16.799999999999997,1.700000000000001,5.0,2.3999999999999995
9,5.0,0.0,22.0,16508.0,3440.0,0.0,0.33000000000000007,0.2999999999999998,0.6299999999999999,0.9899999999999984,27.80000000000001,62.80000000000001,31.0,12.199999999999989
12,6.0,0.0,16.0,4985.0,70886.0,0.0,0.14,0.26,0.3999999999999999,0.2400000000000002,31.0,29.19999999999999,26.0,8.600000000000001
13,2.0,0.0,15.0,18529.0,18750.0,0.0,0.28000000000000025,0.27999999999999936,0.5600000000000005,0.9900000000000002,7.599999999999966,33.5,15.0,5.599999999999994
15,2.0,0.0,11.0,248700.0,37734.0,0.0,0.0,0.0,0.0,0.990000000000002,21.200000000000045,0.09999999999999998,0.0,2.0999999999999943
16,1.0,0.0,9.0,7880.0,7895.0,0.0,0.28,0.1200000000000001,0.40000000000000036,0.9899999999999984,9.0,30.299999999999955,17.0,5.599999999999994
17,8.0,2.0,26.0,816331.0,22971.0,0.0,0.7700000000000005,0.1200000000000001,0.8900000000000006,0.75,35.19999999999993,5.399999999999977,35.0,7.599999999999994
18,2.0,0.0,9.0,523290.0,30531.0,0.0,0.08000000000000007,0.020000000000000018,0.09999999999999964,0.9899999999999984,15.599999999999909,2.799999999999997,4.0,2.200000000000003
20,2.0,0.0,14.0,585.0,1956.0,0.0,0.09000000000000008,0.040000000000000036,0.13000000000000034,0.990000000000002,15.600000000000023,3.7999999999999545,5.0,2.3999999999999915
21,0.0,0.0,0.0,229.0,133.0,0.0,0.0,0.0,0.0,0.0,0.0,0.0,0.0,0.0
22,0.0,0.0,0.0,21.0,21.0,0.0,0.0,0.0,0.0,0.0,0.0,0.0,0.0,0.0
23,1.0,0.0,3.0,5632.0,36249.0,0.0,0.0,0.0,0.0,0.75,2.0,0.30000000000001137,2.0,0.4000000000000057
24,0.0,0.0,0.0,1113.0,1782.0,0.0,0.0,0.0,0.0,0.0,0.0,0.0,0.0,0.0
25,0.0,0.0,0.0,703.0,373.0,0.0,0.0,0.0,0.0,0.0,0.0,0.0,0.0,0.0
73,0.0,0.0,0.0,324.0,850.0,0.0,0.0,0.0,0.0,0.0,0.0,0.0,0.0,0.0
186,0.0,0.0,0.0,184.0,238.0,0.0,0.0,0.0,0.0,0.0,0.0,0.0,0.0,0.0
578,0.0,0.0,0.0,87.0,4540.0,0.0,0.0,0.0,0.0,0.0,0.0,0.0,0.0,0.0
597,2.0,0.0,16.0,4137.0,3226.0,0.0,0.0,0.020000000000000018,0.019999999999999962,0.9900000000000002,5.0,4.799999999999997,0.0,1.0
633,10.0,3.0,28.0,121563.0,12700.0,0.0,0.07000000000000028,0.06000000000000005,0.13000000000000078,0.9900000000000002,41.39999999999998,7.099999999999994,26.0,7.5
639,0.0,0.0,0.0,41.0,45.0,0.0,0.0,0.0,0.0,0.0,0.0,0.0,0.0,0.0
30,0.0,0.0,0.0,0.0,2.0,0.0,0.0,0.0,0.0,0.0,0.0,0.0,0.0,0.0
31,0.0,0.0,0.0,0.0,28.0,0.0,0.0,0.0,0.0,0.0,0.0,0.0,0.0,0.0
32,6.0,0.0,23.0,4661.0,1572.0,0.0,0.03,0.1100000000000001,0.14000000000000012,0.490000000000002,13.800000000000011,15.199999999999989,6.0,3.5
33,0.0,0.0,0.0,0.0,80.0,0.0,0.0,0.0,0.0,0.0,0.0,0.0,0.0,0.0
35,0.0,0.0,0.0,0.0,109.0,0.0,0.0,0.0,0.0,0.0,0.0,0.0,0.0,0.0
36,6.0,0.0,23.0,86390.0,26498.0,0.0,0.0,0.10999999999999988,0.10999999999999943,0.899999999999995,20.19999999999999,15.899999999999977,0.0,3.5999999999999943
37,0.0,0.0,0.0,0.0,1.0,0.0,0.0,0.0,0.0,0.0,0.0,0.0,0.0,0.0
43,0.0,0.0,0.0,0.0,4.0,0.0,0.0,0.0,0.0,0.0,0.0,0.0,0.0,0.0
44,6.0,0.0,29.0,141167.0,23945.0,0.0,0.06999999999999995,0.0,0.06999999999999984,0.8999999999999986,16.19999999999999,0.4000000000000057,17.0,3.3999999999999986
45,0.0,0.0,0.0,522.0,744.0,0.0,0.0,0.0,0.0,0.0,0.0,0.0,0.0,0.0
46,0.0,0.0,0.0,0.0,0.0,0.0,0.0,0.0,0.0,0.0,0.0,0.0,0.0,0.0
47,6.0,0.0,26.0,83178.0,36964.0,0.0,0.0,0.0,0.0,0.8999999999999986,37.0,0.0,0.0,3.700000000000003
48,3.0,0.0,5.0,485.0,597.0,0.0,0.17000000000000037,0.08000000000000007,0.25,0.8999999999999986,6.0,14.0,6.0,2.5999999999999943
49,0.0,0.0,0.0,3570.0,2018.0,0.0,0.0,0.0,0.0,0.0,0.0,0.0,0.0,0.0
50,0.0,0.0,0.0,0.0,1750.0,0.0,0.0,0.0,0.0,0.0,0.0,0.0,0.0,0.0
56,0.0,0.0,0.0,0.0,20.0,0.0,0.0,0.0,0.0,0.0,0.0,0.0,0.0,0.0
57,3.0,0.0,6.0,745.0,3433.0,0.0,0.0,0.010000000000000675,0.009999999999999787,0.490000000000002,9.0,1.8000000000000682,0.0,1.0999999999999943
58,0.0,0.0,0.0,112566.0,91653.0,0.0,0.0,0.010000000000000009,0.009999999999999787,0.41000000000000014,2.2000000000000455,0.7999999999999545,8.0,1.0999999999999943
167,0.0,0.0,0.0,3566.0,3758.0,0.0,0.0,0.0,0.0,0.41000000000000014,0.0,0.09999999999999432,0.0,0.0
233,1.0,0.0,4.0,291.0,726.0,0.0,0.0,0.0,0.0,0.41000000000000014,0.0,1.3999999999999915,0.0,0.10000000000000142
385,8.0,0.0,28.0,179837.0,24331.0,0.0,0.5400000000000003,0.040000000000000036,0.5800000000000001,0.48999999999999844,31.600000000000023,3.1000000000000227,13.0,4.799999999999997
598,0.0,0.0,0.0,201.0,670.0,0.0,0.0,0.0,0.0,0.0,0.0,0.0,0.0,0.0
640,0.0,0.0,0.0,0.0,48.0,0.0,0.0,0.0,0.0,0.0,0.0,0.0,0.0,0.0
641,0.0,0.0,0.0,90.0,715.0,0.0,0.0,0.0,0.0,0.0,0.0,0.0,0.0,0.0
656,0.0,0.0,0.0,0.0,418.0,0.0,0.0,0.0,0.0,0.0,0.0,0.0,0.0,0.0
679,0.0,0.0,0.0,45.0,46.0,0.0,0.0,0.0,0.0,0.0,0.0,0.0,0.0,0.0
725,6.0,0.0,23.0,471.0,594.0,0.0,0.05999999999999994,0.0,0.06000000000000005,0.41000000000000014,33.0,0.0,17.0,5.0
731,0.0,0.0,0.0,197.0,534.0,0.0,0.0,0.0,0.0,0.0,0.0,0.0,0.0,0.0
737,11.0,0.0,0.0,1234.0,473.0,0.0,0.0,0.0,0.0,0.0,0.0,0.0,0.0,0.0
762,12.0,3.0,35.0,138856.0,17537.0,1.0,0.3800000000000001,0.020000000000000018,0.3999999999999999,0.41000000000000014,55.400000000000006,10.300000000000004,34.0,10.0
59,0.0,0.0,0.0,0.0,87.0,0.0,0.0,0.0,0.0,0.0,0.0,0.0,0.0,0.0
60,1.0,0.0,14.0,161.0,515.0,0.0,0.0,0.050000000000000044,0.050000000000000044,0.34999999999999787,15.0,26.899999999999977,2.0,4.399999999999999
61,0.0,0.0,0.0,0.0,33.0,0.0,0.0,0.0,0.0,0.0,0.0,0.0,0.0,0.0
62,1.0,0.0,1.0,146.0,250.0,0.0,0.03000000000000025,0.010000000000000009,0.040000000000000036,0.34999999999999964,0.19999999999998863,6.899999999999977,1.0,0.7999999999999972
63,1.0,0.0,15.0,381.0,2267.0,0.0,0.03000000000000025,0.1499999999999999,0.17999999999999972,0.8100000000000023,14.0,39.39999999999998,13.0,6.599999999999994
64,6.0,1.0,29.0,604.0,382.0,0.0,0.25,0.19999999999999973,0.4500000000000006,1.1700000000000017,12.600000000000023,39.0,18.0,6.999999999999986
65,0.0,0.0,0.0,31.0,85.0,0.0,0.0,0.0,0.0,0.0,0.0,0.0,0.0,0.0
66,0.0,0.0,0.0,0.0,0.0,0.0,0.0,0.0,0.0,0.0,0.0,0.0,0.0,0.0
67,0.0,0.0,0.0,0.0,13.0,0.0,0.0,0.0,0.0,0.0,0.0,0.0,0.0,0.0
68,0.0,0.0,0.0,406.0,2131.0,0.0,0.0,0.0,0.0,0.0,0.0,0.0,0.0,0.0
69,1.0,0.0,2.0,3219.0,3704.0,0.0,0.0,0.0,0.0,0.0,0.0,0.5,2.0,0.29999999999999893
70,1.0,0.0,11.0,103314.0,126798.0,0.0,0.020000000000000018,0.06000000000000005,0.08000000000000007,1.1700000000000017,23.0,22.099999999999966,5.0,5.0
71,0.0,0.0,0.0,23936.0,1115004.0,0.0,0.0,0.0,0.0,0.0,0.0,0.0,0.0,0.0
72,0.0,0.0,0.0,0.0,4.0,0.0,0.0,0.0,0.0,0.0,0.0,0.0,0.0,0.0
74,2.0,0.0,1.0,6507.0,82529.0,0.0,0.5700000000000003,0.020000000000000018,0.5899999999999999,1.1700000000000017,0.0,16.299999999999955,29.0,4.400000000000006
75,0.0,0.0,0.0,0.0,37.0,0.0,0.0,0.0,0.0,0.0,0.0,0.0,0.0,0.0
76,0.0,0.0,0.0,0.0,12.0,0.0,0.0,0.0,0.0,0.0,0.0,0.0,0.0,0.0
77,1.0,0.0,17.0,69.0,34.0,0.0,0.22999999999999998,0.020000000000000018,0.25,0.8099999999999996,9.600000000000009,4.099999999999994,37.0,5.100000000000001
78,2.0,0.0,17.0,54110.0,107368.0,0.0,0.16999999999999993,0.040000000000000036,0.20999999999999908,1.1699999999999946,11.799999999999955,39.700000000000045,25.0,7.699999999999989
79,1.0,0.0,2.0,956.0,255.0,0.0,0.0,0.020000000000000018,0.020000000000000018,0.3500000000000014,7.800000000000011,2.299999999999997,0.0,1.0
80,0.0,0.0,0.0,8.0,149.0,0.0,0.0,0.0,0.0,0.0,0.0,0.0,0.0,0.0
81,1.0,0.0,2.0,130.0,80.0,0.0,0.0,0.03,0.030000000000000027,0.8100000000000005,12.600000000000009,14.799999999999997,0.0,2.6999999999999993
83,0.0,0.0,0.0,41.0,6686.0,0.0,0.0,0.0,0.0,0.0,0.0,0.0,0.0,0.0
84,0.0,0.0,0.0,0.0,154.0,0.0,0.0,0.0,0.0,0.0,0.0,0.0,0.0,0.0
85,1.0,0.0,4.0,1278.0,2377.0,0.0,0.0,0.010000000000000009,0.010000000000000009,1.1700000000000017,7.2000000000000455,1.0999999999999943,0.0,0.7999999999999972
152,1.0,0.0,5.0,16827.0,28029.0,0.0,0.0,0.0,0.0,1.1700000000000017,5.199999999999932,0.0,0.0,0.5
580,0.0,0.0,8.0,13241.0,43129.0,0.0,0.0,0.08000000000000007,0.08000000000000007,1.1699999999999982,25.40000000000009,9.299999999999983,0.0,3.5
592,0.0,0.0,0.0,76.0,30.0,0.0,0.0,0.0,0.0,0.0,0.0,0.0,0.0,0.0
599,0.0,0.0,0.0,1268.0,1006.0,0.0,0.0,0.0,0.0,0.0,0.0,0.0,0.0,0.0
617,8.0,2.0,34.0,83603.0,55265.0,0.0,0.7200000000000006,0.010000000000000009,0.7300000000000004,1.1700000000000017,34.19999999999999,3.3000000000000114,43.0,8.100000000000009
680,0.0,0.0,0.0,128.0,109.0,0.0,0.0,0.0,0.0,0.0,0.0,0.0,0.0,0.0
687,0.0,0.0,0.0,58.0,60.0,0.0,0.0,0.0,0.0,0.0,0.0,0.0,0.0,0.0
702,0.0,0.0,0.0,105.0,58.0,0.0,0.0,0.0,0.0,0.0,0.0,0.0,0.0,0.0
707,0.0,0.0,0.0,159.0,290.0,0.0,0.0,0.0,0.0,0.0,0.0,0.0,0.0,0.0
712,0.0,0.0,0.0,54.0,39.0,0.0,0.0,0.0,0.0,0.0,0.0,0.0,0.0,0.0
713,0.0,0.0,0.0,310.0,141.0,0.0,0.0,0.0,0.0,0.0,0.0,0.0,0.0,0.0
722,0.0,0.0,0.0,210.0,258.0,0.0,0.0,0.0,0.0,0.0,0.0,0.0,0.0,0.0
723,0.0,0.0,0.0,26.0,22.0,0.0,0.0,0.0,0.0,0.0,0.0,0.0,0.0,0.0
727,0.0,0.0,0.0,82.0,40.0,0.0,0.0,0.0,0.0,0.0,0.0,0.0,0.0,0.0
728,0.0,0.0,0.0,20.0,15.0,0.0,0.0,0.0,0.0,0.0,0.0,0.0,0.0,0.0
738,1.0,0.0,0.0,413.0,3019.0,0.0,0.0,0.0,0.0,0.0,0.0,0.0,0.0,0.0
86,1.0,0.0,3.0,127.0,503.0,0.0,0.0,0.0,0.0,0.21999999999999886,1.1999999999999886,0.0,0.0,0.10000000000000142
87,0.0,0.0,0.0,59.0,140.0,0.0,0.0,0.0,0.0,0.0,0.0,0.0,0.0,0.0
88,1.0,0.0,5.0,3084.0,18247.0,0.0,0.0,0.020000000000000018,0.019999999999999574,1.2899999999999991,28.399999999999977,1.7000000000000028,6.0,3.5999999999999943
89,1.0,0.0,6.0,2617.0,19692.0,0.0,0.08999999999999986,0.0699999999999994,0.16000000000000014,0.3500000000000014,7.800000000000068,39.60000000000002,10.0,5.699999999999989
90,0.0,0.0,0.0,7.0,11.0,0.0,0.0,0.0,0.0,0.0,0.0,0.0,0.0,0.0
91,1.0,0.0,5.0,14328.0,63506.0,0.0,0.0,0.010000000000000009,0.010000000000000009,1.2899999999999991,22.999999999999886,0.0,0.0,2.299999999999997
92,0.0,0.0,0.0,15.0,36.0,0.0,0.0,0.0,0.0,0.0,0.0,0.0,0.0,0.0
93,0.0,0.0,0.0,12.0,10.0,0.0,0.0,0.0,0.0,0.0,0.0,0.0,0.0,0.0
94,1.0,0.0,3.0,40.0,520.0,0.0,0.0,0.010000000000000231,0.010000000000000231,0.9400000000000048,5.199999999999989,1.8000000000000114,0.0,0.7000000000000028
95,0.0,0.0,0.0,5.0,116.0,0.0,0.0,0.0,0.0,0.0,0.0,0.0,0.0,0.0
97,0.0,0.0,0.0,42.0,102.0,0.0,0.0,0.0,0.0,0.0,0.0,0.0,0.0,0.0
98,1.0,0.0,1.0,47.0,389.0,0.0,0.0,0.05999999999999961,0.0600000000000005,1.2899999999999991,5.600000000000023,2.3000000000000114,0.0,0.7999999999999972
99,8.0,1.0,23.0,50248.0,261159.0,0.0,0.8699999999999992,0.2400000000000002,1.1099999999999994,1.2899999999999991,29.0,18.800000000000068,27.0,7.5
100,0.0,0.0,0.0,109.0,305.0,0.0,0.0,0.0,0.0,0.0,0.0,0.0,0.0,0.0
101,2.0,0.0,14.0,1084.0,1190.0,0.0,0.0900000000000003,0.009999999999999898,0.10000000000000009,1.2899999999999991,9.0,2.3000000000000114,21.0,3.200000000000003
105,0.0,0.0,0.0,0.0,129.0,0.0,0.0,0.0,0.0,0.0,0.0,0.0,0.0,0.0
106,2.0,0.0,13.0,903.0,15715.0,0.0,0.11000000000000032,0.19000000000000017,0.2999999999999998,1.2899999999999991,17.0,37.30000000000001,40.0,9.399999999999991
107,0.0,0.0,0.0,29.0,30.0,0.0,0.0,0.0,0.0,0.0,0.0,0.0,0.0,0.0
109,0.0,0.0,0.0,5629.0,29229.0,0.0,0.0,0.0,0.0,0.0,0.0,0.0,0.0,0.0
110,5.0,0.0,16.0,52831.0,160108.0,0.0,0.23000000000000043,0.010000000000000009,0.23999999999999844,1.2899999999999991,0.0,11.600000000000023,23.0,3.4000000000000057
111,2.0,0.0,13.0,561.0,6916.0,0.0,0.0,0.009999999999999953,0.010000000000000009,1.0700000000000003,5.400000000000006,4.6000000000000085,0.0,1.0
112,0.0,0.0,0.0,0.0,2.0,0.0,0.0,0.0,0.0,0.0,0.0,0.0,0.0,0.0
314,0.0,0.0,0.0,13.0,1392.0,0.0,0.0,0.0,0.0,0.0,0.0,0.0,0.0,0.0
338,1.0,0.0,5.0,1502.0,16462.0,0.0,0.0,0.04999999999999999,0.050000000000000044,1.2899999999999991,23.399999999999977,5.8999999999999915,12.0,4.100000000000001
602,0.0,0.0,0.0,0.0,58.0,0.0,0.0,0.0,0.0,0.0,0.0,0.0,0.0,0.0
634,0.0,0.0,0.0,7.0,9.0,0.0,0.0,0.0,0.0,0.0,0.0,0.0,0.0,0.0
752,1.0,0.0,0.0,473.0,253.0,0.0,0.0,0.0,0.0,0.0,0.0,0.0,0.0,0.0
757,0.0,0.0,0.0,29.0,23.0,0.0,0.0,0.0,0.0,0.0,0.0,0.0,0.0,0.0
759,0.0,0.0,0.0,47.0,42.0,0.0,0.0,0.0,0.0,0.0,0.0,0.0,0.0,0.0
780,0.0,0.0,0.0,258.0,173.0,0.0,0.0,0.0,0.0,0.0,0.0,0.0,0.0,0.0
786,0.0,0.0,0.0,31.0,18.0,0.0,0.0,0.0,0.0,0.0,0.0,0.0,0.0,0.0
113,2.0,0.0,6.0,314.0,261.0,0.0,0.09000000000000008,0.21999999999999997,0.31000000000000005,1.25,5.599999999999994,25.900000000000006,17.0,4.899999999999999
115,1.0,0.0,4.0,294.0,445.0,0.0,0.009999999999999787,0.0,0.010000000000000231,0.4399999999999977,2.1999999999999886,0.39999999999997726,1.0,0.4000000000000057
116,0.0,0.0,0.0,0.0,2472.0,0.0,0.0,0.0,0.0,0.0,0.0,0.0,0.0,0.0
118,0.0,0.0,0.0,0.0,9.0,0.0,0.0,0.0,0.0,0.0,0.0,0.0,0.0,0.0
119,0.0,0.0,0.0,0.0,1.0,0.0,0.0,0.0,0.0,0.0,0.0,0.0,0.0,0.0
120,2.0,0.0,6.0,6096.0,3980.0,0.0,0.0,0.010000000000000009,0.010000000000000009,0.8000000000000007,6.0,1.5,2.0,1.0
122,1.0,0.0,1.0,10992.0,4330.0,0.0,0.019999999999999907,0.14000000000000012,0.16000000000000014,1.25,17.19999999999999,30.099999999999966,2.0,4.8999999999999915
135,0.0,0.0,0.0,2550.0,26560.0,0.0,0.0,0.0,0.0,0.0,0.0,0.0,0.0,0.0
143,0.0,0.0,0.0,0.0,0.0,0.0,0.0,0.0,0.0,0.0,0.0,0.0,0.0,0.0
144,1.0,0.0,5.0,7651.0,8402.0,0.0,0.020000000000000018,0.07999999999999985,0.10000000000000009,1.25,18.799999999999955,2.200000000000017,17.0,3.799999999999997
145,0.0,0.0,0.0,63.0,4038.0,0.0,0.0,0.0,0.0,0.0,0.0,0.0,0.0,0.0
146,1.0,0.0,0.0,19678.0,26966.0,0.0,0.0,0.0,0.0,1.25,20.799999999999955,0.0,0.0,2.1000000000000085
601,0.0,0.0,0.0,0.0,0.0,0.0,0.0,0.0,0.0,0.0,0.0,0.0,0.0,0.0
615,0.0,0.0,0.0,458.0,236.0,0.0,0.0,0.0,0.0,0.0,0.0,0.0,0.0,0.0
791,0.0,0.0,0.0,33.0,5.0,0.0,0.0,0.0,0.0,0.0,0.0,0.0,0.0,0.0
155,0.0,0.0,0.0,172.0,484.0,0.0,0.0,0.0,0.0,0.0,0.0,0.0,0.0,0.0
157,3.0,0.0,25.0,963.0,1861.0,0.0,0.0,0.03000000000000025,0.03000000000000025,0.7899999999999991,11.800000000000011,7.100000000000023,0.0,1.9000000000000057
158,0.0,0.0,0.0,0.0,122.0,0.0,0.0,0.0,0.0,0.0,0.0,0.0,0.0,0.0
159,5.0,0.0,28.0,929.0,2811.0,0.0,0.0,0.019999999999999907,0.020000000000000018,0.7899999999999991,13.800000000000011,12.599999999999994,4.0,2.999999999999993
161,0.0,0.0,0.0,0.0,16.0,0.0,0.0,0.0,0.0,0.0,0.0,0.0,0.0,0.0
162,6.0,0.0,22.0,11773.0,29766.0,0.0,0.0,0.010000000000000009,0.010000000000000009,0.7899999999999991,16.600000000000023,1.799999999999983,2.0,2.0
163,5.0,0.0,25.0,105050.0,29799.0,0.0,0.0,0.010000000000000009,0.009999999999999787,0.7899999999999991,19.399999999999977,2.5,4.0,2.5999999999999943
165,0.0,0.0,0.0,0.0,90.0,0.0,0.0,0.0,0.0,0.0,0.0,0.0,0.0,0.0
166,1.0,0.0,5.0,33.0,74.0,0.0,0.0,0.0,0.0,0.0,2.0,0.0,0.0,0.1999999999999993
168,11.0,3.0,36.0,23531.0,27410.0,1.0,0.5800000000000001,0.03000000000000025,0.6099999999999994,0.7899999999999991,37.60000000000002,10.799999999999955,43.0,9.100000000000023
169,0.0,0.0,0.0,0.0,11.0,0.0,0.0,0.0,0.0,0.0,0.0,0.0,0.0,0.0
170,0.0,0.0,0.0,0.0,12.0,0.0,0.0,0.0,0.0,0.0,0.0,0.0,0.0,0.0
171,8.0,2.0,33.0,3358.0,1545.0,0.0,0.07999999999999985,0.040000000000000036,0.1200000000000001,0.7899999999999991,23.400000000000034,25.80000000000001,6.0,5.5
172,1.0,0.0,3.0,7703.0,6129.0,0.0,0.0,0.0,0.0,0.35999999999999943,0.0,1.4000000000000057,0.0,0.10000000000000142
182,6.0,1.0,31.0,66734.0,404959.0,0.0,0.0600000000000005,0.3600000000000003,0.4200000000000017,0.7900000000000063,39.60000000000002,31.0,40.0,11.100000000000023
183,0.0,0.0,0.0,0.0,25.0,0.0,0.0,0.0,0.0,0.0,0.0,0.0,0.0,0.0
184,0.0,0.0,0.0,0.0,85.0,0.0,0.0,0.0,0.0,0.0,0.0,0.0,0.0,0.0
185,6.0,0.0,25.0,18185.0,25168.0,0.0,0.0,0.0,0.0,0.7900000000000027,20.200000000000045,0.0,0.0,2.0
187,1.0,0.0,4.0,1778.0,3387.0,0.0,0.0,0.0,0.0,0.0,2.0,0.0,0.0,0.19999999999999574
189,0.0,0.0,0.0,463.0,462.0,0.0,0.0,0.0,0.0,0.0,0.0,0.0,0.0,0.0
386,3.0,0.0,5.0,695.0,1711.0,0.0,0.19999999999999996,0.08999999999999986,0.29000000000000004,0.3000000000000007,7.199999999999989,14.800000000000011,31.0,5.299999999999997
560,2.0,0.0,15.0,2843.0,28929.0,0.0,0.04999999999999982,0.08000000000000007,0.1299999999999999,0.7899999999999991,7.599999999999966,33.89999999999998,10.0,5.199999999999989
575,0.0,0.0,0.0,0.0,6.0,0.0,0.0,0.0,0.0,0.0,0.0,0.0,0.0,0.0
581,0.0,0.0,0.0,232.0,9189.0,0.0,0.0,0.0,0.0,0.0,0.0,0.0,0.0,0.0
621,0.0,0.0,0.0,0.0,113.0,0.0,0.0,0.0,0.0,0.0,0.0,0.0,0.0,0.0
160,1.0,0.0,7.0,640.0,509.0,0.0,0.0,0.020000000000000018,0.020000000000000018,0.010000000000000009,7.600000000000001,11.299999999999999,0.0,1.8999999999999995
196,1.0,0.0,8.0,133.0,92.0,0.0,0.0,0.10999999999999999,0.10999999999999999,0.6600000000000001,9.799999999999997,15.199999999999996,2.0,2.700000000000001
197,0.0,0.0,0.0,0.0,0.0,0.0,0.0,0.0,0.0,0.0,0.0,0.0,0.0,0.0
199,2.0,0.0,12.0,148648.0,49055.0,0.0,0.20000000000000018,0.040000000000000036,0.2400000000000002,0.6700000000000017,3.0,9.5,5.0,1.799999999999983
200,2.0,0.0,16.0,39310.0,23068.0,0.0,0.1100000000000001,0.030000000000000027,0.13999999999999968,0.6700000000000017,16.199999999999932,3.5,5.0,2.5
201,2.0,0.0,5.0,81948.0,69425.0,0.0,0.0,0.0,0.0,0.6700000000000017,10.600000000000023,0.0,0.0,1.0999999999999943
203,0.0,0.0,0.0,90.0,85.0,0.0,0.0,0.0,0.0,0.0,0.0,0.0,0.0,0.0
205,1.0,0.0,6.0,90.0,93.0,0.0,0.0,0.010000000000000009,0.010000000000000009,0.00999999999999801,4.200000000000017,1.4000000000000057,0.0,0.6000000000000014
206,7.0,2.0,27.0,1155.0,193.0,0.0,0.0,0.10999999999999988,0.10999999999999988,0.6699999999999982,34.19999999999999,16.80000000000001,0.0,5.100000000000001
207,1.0,0.0,3.0,421810.0,47722.0,0.0,0.22000000000000064,0.010000000000000231,0.23000000000000043,0.6600000000000001,2.3999999999999773,5.199999999999989,22.0,3.0
208,6.0,0.0,22.0,852.0,429.0,0.0,0.06,0.0,0.06,0.0,31.4,0.3,21.0,5.3
209,0.0,0.0,0.0,129.0,2340.0,0.0,0.0,0.0,0.0,0.0,0.0,0.0,0.0,0.0
210,1.0,0.0,2.0,13108.0,6822.0,0.0,0.0,0.009999999999999787,0.009999999999999787,0.6600000000000037,9.600000000000023,12.800000000000011,0.0,2.200000000000003
211,2.0,0.0,3.0,312563.0,51411.0,0.0,0.0,0.040000000000000036,0.040000000000000036,0.6700000000000017,7.2000000000000455,3.3000000000000114,0.0,1.0999999999999943
644,0.0,0.0,0.0,68.0,74.0,0.0,0.0,0.0,0.0,0.0,0.0,0.0,0.0,0.0
645,1.0,0.0,3.0,65.0,391.0,0.0,0.0,0.0,0.0,0.0,2.3999999999999915,0.29999999999999716,0.0,0.3000000000000007
217,2.0,0.0,12.0,788.0,5327.0,0.0,0.0,0.030000000000000027,0.02999999999999936,1.4499999999999993,19.19999999999999,11.099999999999966,8.0,3.8000000000000114
230,0.0,0.0,0.0,29.0,615.0,0.0,0.0,0.0,0.0,0.0,0.0,0.0,0.0,0.0
231,2.0,0.0,15.0,5782.0,111468.0,0.0,0.0,0.0,0.0,1.4699999999999989,28.19999999999999,0.30000000000001137,2.0,3.0999999999999943
238,1.0,0.0,3.0,650.0,9751.0,0.0,0.0,0.0,0.0,0.21000000000000085,0.20000000000004547,0.0,0.0,0.0
450,2.0,0.0,1.0,197.0,892.0,0.0,0.32000000000000006,0.020000000000000018,0.33999999999999986,1.2600000000000007,7.0,2.700000000000017,17.0,2.6999999999999957
577,0.0,0.0,0.0,28.0,465.0,0.0,0.0,0.0,0.0,0.0,0.0,0.0,0.0,0.0
582,2.0,0.0,5.0,4704.0,5501.0,0.0,0.0,0.020000000000000018,0.020000000000000018,1.4700000000000006,17.19999999999999,1.0,2.0,2.0
603,0.0,0.0,0.0,0.0,156.0,0.0,0.0,0.0,0.0,0.0,0.0,0.0,0.0,0.0
624,0.0,0.0,0.0,121.0,1178.0,0.0,0.0,0.0,0.0,0.0,0.0,0.0,0.0,0.0
191,0.0,0.0,3.0,1609.0,8227.0,0.0,0.0,0.020000000000000018,0.020000000000000018,2.379999999999999,42.19999999999999,1.2000000000000028,0.0,4.300000000000004
239,2.0,0.0,5.0,1502.0,5139.0,0.0,0.08999999999999986,0.010000000000000231,0.10000000000000053,1.2300000000000004,0.19999999999998863,2.2999999999999545,4.0,0.6999999999999886
240,0.0,0.0,0.0,347.0,1318.0,0.0,0.0,0.03999999999999959,0.040000000000000036,1.1400000000000006,6.199999999999989,29.199999999999932,0.0,3.5
241,0.0,0.0,0.0,941.0,1909.0,0.0,0.0,0.0,0.0,0.0,0.0,0.0,0.0,0.0
242,0.0,0.0,0.0,518.0,1206.0,0.0,0.0,0.0,0.0,0.0,0.0,0.0,0.0,0.0
243,0.0,0.0,0.0,9.0,33.0,0.0,0.0,0.0,0.0,0.0,0.0,0.0,0.0,0.0
244,1.0,0.0,7.0,1564.0,18744.0,0.0,0.0,0.010000000000000009,0.010000000000000009,2.379999999999999,12.800000000000011,3.200000000000017,0.0,1.5999999999999943
245,1.0,0.0,8.0,53.0,214.0,0.0,0.0,0.010000000000000009,0.010000000000000009,2.3099999999999987,12.200000000000017,1.5,2.0,1.5999999999999943
247,1.0,0.0,9.0,3849.0,37839.0,0.0,0.0,0.5499999999999998,0.5500000000000007,1.1400000000000006,4.399999999999977,11.100000000000023,2.0,1.8000000000000114
248,2.0,0.0,8.0,3095.0,8309.0,0.0,0.0,0.0,0.0,2.3799999999999955,23.200000000000045,0.0,0.0,2.299999999999997
249,1.0,0.0,9.0,21.0,34.0,0.0,0.010000000000000009,0.020000000000000018,0.030000000000000027,1.2300000000000004,0.0,8.0,2.0,1.0
622,2.0,0.0,17.0,46.0,42.0,0.0,0.0,0.020000000000000018,0.020000000000000018,2.379999999999999,11.199999999999989,14.400000000000006,0.0,2.6000000000000014
753,1.0,0.0,0.0,84.0,200.0,0.0,0.0,0.0,0.0,0.0,0.0,0.0,0.0,0.0
772,1.0,0.0,2.0,92.0,139.0,0.0,0.0,0.010000000000000009,0.009999999999999953,1.1400000000000001,2.0,3.6999999999999957,0.0,0.5999999999999996
262,7.0,0.0,25.0,317.0,42.0,0.0,0.42999999999999994,0.020000000000000018,0.44999999999999973,1.5399999999999991,39.199999999999996,15.799999999999997,19.0,7.400000000000002
263,2.0,0.0,10.0,14634.0,12512.0,0.0,0.0,0.04999999999999999,0.050000000000000044,1.8699999999999974,24.400000000000006,10.299999999999997,2.0,3.700000000000003
264,0.0,0.0,0.0,16.0,52.0,0.0,0.0,0.0,0.0,0.0,0.0,0.0,0.0,0.0
265,0.0,0.0,0.0,26.0,39.0,0.0,0.0,0.0,0.0,0.0,0.0,0.0,0.0,0.0
271,0.0,0.0,0.0,0.0,2.0,0.0,0.0,0.0,0.0,0.0,0.0,0.0,0.0,0.0
272,1.0,0.0,8.0,301.0,189.0,0.0,0.0,0.0,0.0,0.33000000000000096,4.200000000000003,0.20000000000000284,0.0,0.3999999999999986
273,0.0,0.0,0.0,0.0,3.0,0.0,0.0,0.0,0.0,0.0,0.0,0.0,0.0,0.0
274,0.0,0.0,0.0,442.0,1876.0,0.0,0.0,0.0,0.0,0.0,0.0,0.0,0.0,0.0
275,2.0,0.0,-3.0,453.0,7028.0,0.0,0.20999999999999996,0.050000000000000044,0.26,1.629999999999999,6.400000000000006,14.799999999999997,8.0,2.8999999999999986
282,2.0,0.0,6.0,1052.0,4494.0,0.0,0.0,0.0,0.0,1.870000000000001,11.0,0.30000000000001137,0.0,1.0999999999999979
283,0.0,0.0,0.0,82.0,306.0,0.0,0.0,0.0,0.0,0.0,0.0,0.0,0.0,0.0
284,0.0,0.0,0.0,429.0,1619.0,0.0,0.0,0.0,0.0,0.0,0.0,0.0,0.0,0.0
359,1.0,0.0,6.0,30.0,40.0,0.0,0.0,0.0,0.0,0.3200000000000003,5.0,0.0,0.0,0.5
568,0.0,0.0,0.0,512.0,2562.0,0.0,0.0,0.0,0.0,0.0,0.0,0.0,0.0,0.0
569,0.0,0.0,-1.0,158.0,594.0,0.0,0.0,0.0,0.0,0.2400000000000002,0.0,0.0,0.0,0.0
632,0.0,0.0,0.0,17.0,12.0,0.0,0.0,0.0,0.0,0.0,0.0,0.0,0.0,0.0
715,0.0,0.0,0.0,270.0,197.0,0.0,0.0,0.0,0.0,0.0,0.0,0.0,0.0,0.0
743,18.0,0.0,0.0,155.0,94.0,0.0,0.0,0.0,0.0,0.0,0.0,0.0,0.0,0.0
764,3.0,0.0,18.0,1251.0,598.0,0.0,0.0,0.0,0.0,1.8699999999999992,33.19999999999999,0.0,0.0,3.299999999999997
117,1.0,0.0,4.0,741.0,1930.0,0.0,0.0,0.010000000000000231,0.009999999999999787,0.129999999999999,1.400000000000034,1.5,0.0,0.29999999999999716
192,1.0,0.0,3.0,75.0,256.0,0.0,0.0,0.010000000000000009,0.009999999999999787,0.10999999999999943,1.0,0.5,0.0,0.20000000000000284
198,0.0,0.0,0.0,138.0,189.0,0.0,0.0,0.0,0.0,0.0,0.0,0.0,0.0,0.0
285,2.0,0.0,13.0,254.0,1741.0,0.0,0.0,0.0,0.0,2.1200000000000045,5.199999999999989,1.299999999999983,0.0,0.6999999999999957
286,0.0,0.0,0.0,0.0,161.0,0.0,0.0,0.0,0.0,0.0,0.0,0.0,0.0,0.0
294,0.0,0.0,0.0,541.0,2270.0,0.0,0.0,0.0,0.0,0.0,0.0,0.0,0.0,0.0
295,0.0,0.0,-1.0,2272.0,4644.0,0.0,0.0,0.010000000000000009,0.009999999999999787,2.239999999999995,16.80000000000001,1.6000000000000227,2.0,2.0
304,0.0,0.0,0.0,281.0,2431.0,0.0,0.0,0.0,0.0,0.0,0.0,0.0,0.0,0.0
305,0.0,0.0,7.0,366.0,3653.0,0.0,0.0,0.05,0.05000000000000002,2.2399999999999993,26.60000000000001,14.599999999999998,0.0,4.100000000000001
306,0.0,0.0,-2.0,3141.0,11654.0,0.0,0.0,0.0,0.0,1.6599999999999966,0.0,0.09999999999999432,0.0,0.0
307,0.0,0.0,0.0,364.0,3744.0,0.0,0.0,0.0,0.0,0.0,0.0,0.0,0.0,0.0
308,0.0,0.0,0.0,5385.0,5919.0,0.0,0.0,0.0,0.0,0.0,0.0,0.0,0.0,0.0
309,0.0,0.0,0.0,1889.0,15790.0,0.0,0.0,0.0,0.0,0.0,0.0,0.0,0.0,0.0
501,0.0,0.0,0.0,15.0,32.0,0.0,0.0,0.0,0.0,0.5799999999999983,0.0,1.3000000000000114,0.0,0.0
570,0.0,0.0,0.0,16.0,58.0,0.0,0.0,0.0,0.0,0.0,0.0,0.0,0.0,0.0
606,0.0,0.0,0.0,0.0,64.0,0.0,0.0,0.0,0.0,0.0,0.0,0.0,0.0,0.0
616,0.0,0.0,0.0,0.0,4.0,0.0,0.0,0.0,0.0,0.0,0.0,0.0,0.0,0.0
726,0.0,0.0,0.0,61.0,94.0,0.0,0.0,0.0,0.0,0.0,0.0,0.0,0.0,0.0
754,0.0,0.0,0.0,30.0,113.0,0.0,0.0,0.0,0.0,0.0,0.0,0.0,0.0,0.0
310,0.0,0.0,0.0,4762.0,66291.0,0.0,0.0,0.0,0.0,0.0,0.0,0.0,0.0,0.0
311,0.0,0.0,0.0,3529.0,363769.0,0.0,0.0,0.0,0.0,0.0,0.0,0.0,0.0,0.0
312,0.0,0.0,0.0,0.0,3.0,0.0,0.0,0.0,0.0,0.0,0.0,0.0,0.0,0.0
313,0.0,0.0,0.0,3722.0,1121.0,0.0,0.0,0.0,0.0,0.0,0.0,0.0,0.0,0.0
315,0.0,0.0,0.0,0.0,1.0,0.0,0.0,0.0,0.0,0.0,0.0,0.0,0.0,0.0
316,0.0,0.0,-1.0,7616.0,7472.0,0.0,0.020000000000000462,0.010000000000000009,0.03000000000000025,0.0,0.0,10.699999999999989,1.0,1.0
317,7.0,0.0,26.0,13995.0,2608.0,0.0,0.3799999999999999,0.020000000000000018,0.40000000000000036,0.6699999999999999,38.0,12.300000000000011,42.0,9.200000000000003
318,0.0,0.0,0.0,0.0,2.0,0.0,0.0,0.0,0.0,0.0,0.0,0.0,0.0,0.0
327,9.0,3.0,37.0,80818.0,38793.0,0.0,0.2699999999999996,0.27,0.5399999999999991,0.6699999999999982,41.80000000000007,78.60000000000002,26.0,14.599999999999994
709,0.0,0.0,0.0,0.0,52.0,0.0,0.0,0.0,0.0,0.0,0.0,0.0,0.0,0.0
744,9.0,0.0,0.0,2701.0,1047.0,0.0,0.0,0.0,0.0,0.0,0.0,0.0,0.0,0.0
343,1.0,0.0,3.0,302.0,78.0,0.0,0.0,0.0,0.0,0.05,0.2,0.0,0.0,0.0
344,0.0,0.0,0.0,478.0,321.0,0.0,0.0,0.0,0.0,0.0,0.0,0.0,0.0,0.0
345,0.0,0.0,0.0,3687.0,6756.0,0.0,0.0,0.0,0.0,0.0,0.0,0.0,0.0,0.0
346,3.0,0.0,14.0,4428.0,6417.0,0.0,0.0,0.5899999999999999,0.5899999999999999,0.019999999999999574,10.800000000000011,34.299999999999955,18.0,6.299999999999997
347,6.0,0.0,20.0,22488.0,12800.0,0.0,0.0,0.0,0.0,0.07000000000000028,5.800000000000011,0.0,0.0,0.6000000000000014
348,0.0,0.0,0.0,54875.0,76382.0,0.0,0.0,0.0,0.0,0.0,0.0,0.0,0.0,0.0
349,9.0,1.0,32.0,1618.0,293.0,0.0,0.34999999999999987,0.1499999999999999,0.5,0.07000000000000028,38.19999999999999,28.80000000000001,29.0,9.599999999999994
350,6.0,0.0,27.0,319451.0,46148.0,0.0,0.05000000000000071,0.18999999999999995,0.2400000000000002,0.07000000000000028,19.399999999999977,19.30000000000001,7.0,4.599999999999994
351,0.0,0.0,0.0,371.0,296063.0,0.0,0.0,0.0,0.0,0.0,0.0,0.0,0.0,0.0
353,0.0,0.0,0.0,0.0,17.0,0.0,0.0,0.0,0.0,0.0,0.0,0.0,0.0,0.0
354,0.0,0.0,0.0,388.0,1600.0,0.0,0.0,0.0,0.0,0.0,0.0,0.0,0.0,0.0
355,1.0,0.0,3.0,6481.0,20928.0,0.0,0.0,0.0,0.0,0.0,0.0,0.29999999999998295,0.0,0.0
356,3.0,0.0,12.0,185.0,305.0,0.0,0.0,0.10000000000000009,0.10000000000000009,0.07000000000000028,5.599999999999994,14.699999999999989,2.0,2.200000000000003
357,1.0,0.0,1.0,152.0,604.0,0.0,0.030000000000000027,0.010000000000000002,0.039999999999999813,0.050000000000000044,0.0,0.3000000000000007,5.0,0.1999999999999993
358,0.0,0.0,0.0,191.0,974.0,0.0,0.0,0.0,0.0,0.0,0.0,0.0,0.0,0.0
360,0.0,0.0,0.0,44.0,105.0,0.0,0.0,0.0,0.0,0.0,0.0,0.0,0.0,0.0
361,6.0,0.0,26.0,21525.0,5981.0,0.0,0.0,0.040000000000000036,0.040000000000000036,0.07000000000000028,15.599999999999966,7.799999999999983,2.0,2.5
362,0.0,0.0,0.0,20.0,456.0,0.0,0.0,0.0,0.0,0.0,0.0,0.0,0.0,0.0
733,1.0,0.0,4.0,69.0,60.0,0.0,0.0,0.0,0.0,0.0,3.2,0.0,0.0,0.3
736,10.0,0.0,0.0,871.0,3947.0,0.0,0.0,0.0,0.0,0.0,0.0,0.0,0.0,0.0
755,9.0,3.0,34.0,642417.0,28045.0,0.0,1.45,0.040000000000000036,1.4900000000000002,0.07000000000000028,34.80000000000001,3.1999999999999886,70.0,10.799999999999997
765,2.0,0.0,10.0,174.0,522.0,0.0,0.0,0.07,0.06999999999999995,0.0699999999999994,15.200000000000003,11.700000000000003,2.0,2.9000000000000004
364,0.0,0.0,0.0,81.0,22952.0,0.0,0.0,0.0,0.0,0.0,0.0,0.0,0.0,0.0
365,0.0,0.0,0.0,0.0,31.0,0.0,0.0,0.0,0.0,0.0,0.0,0.0,0.0,0.0
366,2.0,0.0,21.0,119152.0,211731.0,0.0,0.129999999999999,0.28000000000000025,0.41000000000000014,0.4799999999999969,34.39999999999998,84.89999999999998,26.0,14.5
367,0.0,0.0,0.0,45.0,102.0,0.0,0.0,0.0,0.0,0.0,0.0,0.0,0.0,0.0
368,0.0,0.0,5.0,117.0,453.0,0.0,0.08999999999999986,0.050000000000000044,0.14000000000000012,0.3000000000000007,12.800000000000011,22.69999999999999,24.0,6.0
369,2.0,0.0,14.0,6538.0,13566.0,0.0,0.06000000000000005,0.23999999999999977,0.2999999999999998,0.480000000000004,14.199999999999989,47.19999999999999,19.0,8.0
372,1.0,0.0,8.0,2501.0,10418.0,0.0,0.25,0.17999999999999994,0.4300000000000006,0.4800000000000004,7.399999999999977,56.30000000000001,28.0,9.199999999999989
374,0.0,0.0,0.0,654.0,504.0,0.0,0.0,0.0,0.0,0.0,0.0,0.0,0.0,0.0
375,1.0,0.0,5.0,2875.0,4800.0,0.0,0.03000000000000025,0.030000000000000027,0.06000000000000005,0.26000000000000156,3.0,14.099999999999994,13.0,3.0
376,0.0,0.0,0.0,66.0,81.0,0.0,0.0,0.0,0.0,0.0,0.0,0.0,0.0,0.0
377,1.0,0.0,-2.0,1054.0,545.0,0.0,0.5999999999999999,0.0,0.6000000000000001,0.04999999999999716,0.0,0.0,29.0,2.700000000000003
378,0.0,0.0,0.0,22.0,496.0,0.0,0.0,0.0,0.0,0.0,0.0,0.0,0.0,0.0
379,0.0,0.0,0.0,0.0,9.0,0.0,0.0,0.0,0.0,0.0,0.0,0.0,0.0,0.0
380,0.0,0.0,0.0,29.0,2740.0,0.0,0.0,0.0,0.0,0.0,0.0,0.0,0.0,0.0
381,0.0,0.0,0.0,0.0,10.0,0.0,0.0,0.0,0.0,0.0,0.0,0.0,0.0,0.0
382,1.0,0.0,2.0,165.0,51.0,0.0,0.10999999999999999,0.0,0.10999999999999999,0.17999999999999972,0.0,0.5,3.0,0.1999999999999993
383,2.0,0.0,5.0,1892.0,15719.0,0.0,0.0,0.0,0.0,0.480000000000004,11.399999999999977,0.0,0.0,1.1000000000000085
384,0.0,0.0,0.0,0.0,0.0,0.0,0.0,0.0,0.0,0.0,0.0,0.0,0.0,0.0
387,0.0,0.0,0.0,11.0,34.0,0.0,0.0,0.0,0.0,0.0,0.0,0.0,0.0,0.0
389,2.0,0.0,5.0,1687.0,6076.0,0.0,0.0,0.010000000000000009,0.009999999999999787,0.3000000000000007,0.0,4.299999999999983,0.0,0.4000000000000057
572,2.0,0.0,15.0,379.0,372.0,0.0,0.0,0.01999999999999999,0.020000000000000018,0.4299999999999997,19.599999999999994,8.899999999999999,0.0,2.900000000000002
593,2.0,0.0,12.0,1506.0,5154.0,0.0,0.1499999999999999,0.0,0.1499999999999999,0.4799999999999969,27.400000000000034,0.3999999999999915,35.0,6.299999999999997
594,2.0,0.0,17.0,8554.0,35818.0,0.0,0.0,0.06000000000000005,0.06000000000000005,0.4799999999999969,29.0,19.799999999999983,2.0,5.1000000000000085
667,0.0,0.0,0.0,9.0,15.0,0.0,0.0,0.0,0.0,0.0,0.0,0.0,0.0,0.0
670,0.0,0.0,0.0,77.0,76.0,0.0,0.0,0.0,0.0,0.0,0.0,0.0,0.0,0.0
673,0.0,0.0,0.0,3.0,3.0,0.0,0.0,0.0,0.0,0.0,0.0,0.0,0.0,0.0
691,0.0,0.0,0.0,22.0,20.0,0.0,0.0,0.0,0.0,0.0,0.0,0.0,0.0,0.0
745,0.0,0.0,0.0,663.0,2553.0,0.0,0.0,0.0,0.0,0.0,0.0,0.0,0.0,0.0
761,0.0,0.0,0.0,32.0,23.0,0.0,0.0,0.0,0.0,0.0,0.0,0.0,0.0,0.0
401,8.0,2.0,28.0,325983.0,78869.0,0.0,0.5600000000000023,0.010000000000000231,0.5700000000000003,1.2100000000000009,37.19999999999993,13.199999999999989,56.0,10.599999999999994
412,0.0,0.0,0.0,16.0,51.0,0.0,0.0,0.0,0.0,0.0,0.0,0.0,0.0,0.0
413,2.0,0.0,7.0,98827.0,18323.0,0.0,0.0,0.0,0.0,1.5999999999999979,13.800000000000011,0.0,0.0,1.3999999999999986
414,0.0,0.0,0.0,336.0,455.0,0.0,0.0,0.0,0.0,0.0,0.0,0.0,0.0,0.0
415,1.0,0.0,5.0,59650.0,5910.0,0.0,0.020000000000000018,0.010000000000000009,0.029999999999999805,1.5999999999999979,15.600000000000023,0.7999999999999972,2.0,1.7999999999999972
416,0.0,0.0,0.0,168.0,607.0,0.0,0.0,0.0,0.0,0.0,0.0,0.0,0.0,0.0
417,10.0,3.0,39.0,14742.0,1254.0,1.0,0.06000000000000005,0.010000000000000009,0.07000000000000028,1.6000000000000014,48.39999999999998,11.799999999999983,9.0,6.900000000000006
418,2.0,0.0,21.0,48969.0,20784.0,0.0,0.0,0.040000000000000036,0.040000000000000036,1.42,25.599999999999994,26.30000000000001,6.0,5.799999999999997
419,0.0,0.0,0.0,0.0,23.0,0.0,0.0,0.0,0.0,0.0,0.0,0.0,0.0,0.0
422,1.0,0.0,4.0,15039.0,554685.0,0.0,0.0,0.020000000000000018,0.020000000000000018,0.46000000000000085,4.599999999999966,0.8999999999999773,0.0,0.5999999999999943
423,3.0,0.0,10.0,740.0,1022.0,0.0,0.0,0.020000000000000018,0.020000000000000462,0.6099999999999994,7.399999999999977,3.0,2.0,1.1999999999999886
424,2.0,0.0,5.0,1940.0,716.0,0.0,0.10999999999999988,0.009999999999999995,0.1200000000000001,1.0,6.399999999999999,4.299999999999997,5.0,1.6000000000000014
425,0.0,0.0,0.0,62.0,76.0,0.0,0.0,0.0,0.0,0.0,0.0,0.0,0.0,0.0
426,0.0,0.0,0.0,0.0,8.0,0.0,0.0,0.0,0.0,0.0,0.0,0.0,0.0,0.0
427,0.0,0.0,0.0,202.0,219.0,0.0,0.0,0.0,0.0,0.0,0.0,0.0,0.0,0.0
428,0.0,0.0,0.0,785.0,477.0,0.0,0.0,0.0,0.0,0.0,0.0,0.0,0.0,0.0
429,1.0,0.0,3.0,44.0,66.0,0.0,0.0,0.0,0.0,0.45999999999999996,0.0,1.3999999999999995,0.0,0.10000000000000009
431,1.0,0.0,9.0,60.0,121.0,0.0,0.0,0.26,0.26000000000000023,1.0199999999999996,17.0,14.099999999999994,2.0,3.299999999999997
432,11.0,3.0,33.0,258675.0,41854.0,1.0,0.1200000000000001,0.03999999999999959,0.16000000000000014,1.0,39.400000000000034,4.2999999999999545,21.0,6.5
433,3.0,0.0,10.0,19381.0,76459.0,0.0,0.05999999999999961,0.040000000000000036,0.09999999999999964,1.629999999999999,8.800000000000068,19.899999999999977,10.0,3.9000000000000057
573,6.0,0.0,21.0,356360.0,44243.0,0.0,0.020000000000000018,0.06000000000000005,0.08000000000000007,1.6299999999999955,12.800000000000068,11.0,8.0,3.200000000000003
596,0.0,0.0,0.0,154.0,227.0,0.0,0.0,0.0,0.0,0.0,0.0,0.0,0.0,0.0
620,1.0,0.0,4.0,51.0,69.0,0.0,0.0,0.0,0.0,0.6399999999999997,1.0,0.5999999999999943,0.0,0.1999999999999993
653,1.0,0.0,6.0,218.0,189.0,0.0,0.07999999999999999,0.0,0.08000000000000002,1.1799999999999997,7.0,0.09999999999999964,17.0,2.3999999999999986
721,0.0,0.0,0.0,125.0,98.0,0.0,0.0,0.0,0.0,0.0,0.0,0.0,0.0,0.0
747,9.0,0.0,0.0,507.0,1253.0,0.0,0.0,0.0,0.0,0.0,0.0,0.0,0.0,0.0
14,2.0,0.0,9.0,633.0,3295.0,0.0,0.0,0.0,0.0,0.740000000000002,21.0,0.0,0.0,2.0999999999999943
27,1.0,0.0,1.0,1350.0,3395.0,0.0,0.0,0.0,0.0,0.10000000000000142,0.0,1.2999999999999972,0.0,0.0
453,0.0,0.0,0.0,0.0,1102.0,0.0,0.0,0.0,0.0,0.0,0.0,0.0,0.0,0.0
454,0.0,0.0,0.0,0.0,40.0,0.0,0.0,0.0,0.0,0.0,0.0,0.0,0.0,0.0
468,0.0,0.0,0.0,0.0,4.0,0.0,0.0,0.0,0.0,0.0,0.0,0.0,0.0,0.0
469,0.0,0.0,0.0,39.0,126.0,0.0,0.0,0.0,0.0,0.0,0.0,0.0,0.0,0.0
470,7.0,1.0,24.0,3354.0,1942.0,0.0,0.3700000000000001,0.010000000000000009,0.3799999999999999,0.6400000000000006,35.39999999999998,3.3000000000000114,52.0,9.100000000000009
471,0.0,0.0,0.0,16.0,58.0,0.0,0.0,0.0,0.0,0.0,0.0,0.0,0.0,0.0
472,2.0,0.0,10.0,50.0,743.0,0.0,0.0,0.0,0.0,0.740000000000002,11.799999999999983,0.7999999999999972,2.0,1.5
473,0.0,0.0,0.0,2133.0,6855.0,0.0,0.0,0.0,0.0,0.0,0.0,0.0,0.0,0.0
474,1.0,0.0,-1.0,57.0,257.0,0.0,0.0,0.0,0.0,0.10000000000000142,1.0,0.0,0.0,0.10000000000000853
475,0.0,0.0,0.0,437.0,9608.0,0.0,0.0,0.0,0.0,0.0,0.0,0.0,0.0,0.0
476,2.0,0.0,5.0,312.0,918.0,0.0,0.10999999999999999,0.03000000000000025,0.14000000000000012,0.7399999999999949,11.199999999999989,6.100000000000023,9.0,2.5999999999999943
477,0.0,0.0,0.0,90.0,1468.0,0.0,0.0,0.0,0.0,0.0,0.0,0.0,0.0,0.0
515,0.0,0.0,0.0,0.0,5.0,0.0,0.0,0.0,0.0,0.0,0.0,0.0,0.0,0.0
518,2.0,0.0,5.0,9.0,93.0,0.0,0.0,0.010000000000000009,0.010000000000000009,0.6400000000000006,10.199999999999989,5.599999999999994,2.0,1.8000000000000043
584,0.0,0.0,0.0,0.0,39.0,0.0,0.0,0.0,0.0,0.0,0.0,0.0,0.0,0.0
608,1.0,0.0,2.0,4011.0,11924.0,0.0,0.0,0.0,0.0,0.11999999999999744,0.0,0.10000000000002274,0.0,0.0
623,8.0,3.0,30.0,126.0,420.0,0.0,0.17999999999999972,0.08999999999999986,0.2699999999999996,0.740000000000002,27.0,18.0,8.0,5.299999999999997
693,0.0,0.0,0.0,0.0,3.0,0.0,0.0,0.0,0.0,0.0,0.0,0.0,0.0,0.0
718,1.0,0.0,-1.0,35.0,41.0,0.0,0.0,0.0,0.0,0.1200000000000001,2.200000000000003,0.6000000000000014,0.0,0.29999999999999893
719,0.0,0.0,0.0,28.0,33.0,0.0,0.0,0.0,0.0,0.0,0.0,0.0,0.0,0.0
734,0.0,0.0,0.0,7.0,51.0,0.0,0.0,0.0,0.0,0.0,0.0,0.0,0.0,0.0
748,9.0,0.0,0.0,30.0,44.0,0.0,0.0,0.0,0.0,0.0,0.0,0.0,0.0,0.0
82,2.0,0.0,6.0,61267.0,7902.0,0.0,0.0,0.010000000000000009,0.009999999999999787,1.0899999999999963,2.400000000000034,0.5,2.0,0.5
478,0.0,0.0,0.0,0.0,82.0,0.0,0.0,0.0,0.0,0.0,0.0,0.0,0.0,0.0
479,0.0,0.0,0.0,144.0,590.0,0.0,0.0,0.0,0.0,0.0,0.0,0.0,0.0,0.0
480,2.0,0.0,17.0,193.0,155.0,0.0,0.0,0.09000000000000008,0.08999999999999986,1.0899999999999999,21.400000000000034,6.799999999999983,2.0,3.0
481,2.0,0.0,11.0,2113.0,6146.0,0.0,0.06999999999999995,0.0,0.07000000000000006,1.0600000000000023,9.400000000000006,1.5999999999999943,5.0,1.6000000000000014
490,0.0,0.0,0.0,0.0,0.0,0.0,0.0,0.0,0.0,0.0,0.0,0.0,0.0,0.0
494,2.0,0.0,9.0,30788.0,13250.0,0.0,0.04999999999999982,0.05999999999999961,0.10999999999999943,1.0899999999999999,1.3999999999999773,12.199999999999932,6.0,2.0
500,0.0,0.0,0.0,8822.0,6460.0,0.0,0.0,0.0,0.0,0.0,0.0,0.0,0.0,0.0
502,0.0,0.0,0.0,0.0,1.0,0.0,0.0,0.0,0.0,0.0,0.0,0.0,0.0,0.0
503,2.0,0.0,10.0,81508.0,23010.0,0.0,0.3799999999999999,0.05999999999999961,0.4399999999999995,1.0900000000000034,4.800000000000068,5.5,46.0,5.599999999999994
504,1.0,0.0,4.0,8672.0,5849.0,0.0,0.06,0.06000000000000005,0.1200000000000001,1.0900000000000034,17.0,2.700000000000017,3.0,2.299999999999997
505,2.0,0.0,6.0,7998.0,1031.0,0.0,0.0,0.020000000000000018,0.020000000000000018,1.0899999999999999,16.599999999999966,12.800000000000011,6.0,3.5
684,0.0,0.0,0.0,26.0,34.0,0.0,0.0,0.0,0.0,0.0,0.0,0.0,0.0,0.0
689,0.0,0.0,0.0,0.0,4.0,0.0,0.0,0.0,0.0,0.0,0.0,0.0,0.0,0.0
576,0.0,0.0,0.0,8.0,17.0,0.0,0.0,0.0,0.0,0.0,0.0,0.0,0.0,0.0
587,0.0,0.0,0.0,15.0,104.0,0.0,0.0,0.0,0.0,0.0,0.0,0.0,0.0,0.0
588,0.0,0.0,0.0,20.0,29.0,0.0,0.0,0.0,0.0,0.0,0.0,0.0,0.0,0.0
552,0.0,0.0,0.0,0.0,66.0,0.0,0.0,0.0,0.0,0.0,0.0,0.0,0.0,0.0
784,0.0,0.0,0.0,695.0,341.0,0.0,0.0,0.0,0.0,0.0,0.0,0.0,0.0,0.0
